V200001,V200003,V201549x,V202022,V201200,V201231x,V201452,V201507x,V201600,V202406,V202110x
300038,4,2,1,5,1,2,33,1,2,2
300076,3,2,-6,4,3,1,67,2,-6,-1
300083,3,1,1,7,6,1,36,2,3,2
300106,4,1,1,5,7,1,80,2,2,2
300113,4,1,1,1,3,2,21,2,2,1
300137,4,1,1,3,3,2,29,1,3,1
300144,3,1,1,4,6,2,80,2,2,2
300168,3,4,1,2,3,2,26,1,2,1
300212,3,2,1,99,4,2,25,1,2,1
300229,3,1,1,4,4,2,52,1,4,-1
300281,4,1,1,3,1,1,61,1,1,1
300298,4,1,1,3,1,2,29,1,1,1
300311,3,1,1,4,3,2,56,2,3,1
300373,4,6,1,6,7,1,38,2,2,2
300397,3,1,1,3,1,1,-9,1,2,1
300403,4,1,1,5,5,2,63,1,3,2
300458,3,1,1,5,5,1,54,1,2,2
300502,4,1,1,6,7,1,80,2,2,2
300526,4,1,1,5,6,2,47,1,3,-1
300533,3,3,1,4,2,1,24,2,2,1
300540,4,1,2,99,3,2,50,1,3,-1
300618,3,1,-6,99,2,2,25,2,-6,-1
300632,4,1,1,4,3,2,24,2,2,1
300656,3,1,1,4,1,2,57,2,2,1
300663,4,1,1,6,7,1,62,2,2,2
300687,3,2,1,99,4,2,34,1,4,-1
300717,3,3,1,99,4,2,41,1,2,-1
300731,3,1,1,7,5,2,42,2,2,-9
300755,3,2,1,99,4,2,37,2,3,2
300823,4,1,-6,6,7,1,34,1,-6,2
300847,4,1,1,6,7,1,73,2,2,2
300861,3,1,1,3,1,2,22,1,2,1
300892,3,1,1,4,4,2,80,2,3,1
300908,3,1,1,1,2,2,73,1,1,1
300915,4,1,1,2,1,2,78,1,1,1
300946,4,1,1,3,1,2,27,2,2,1
300960,4,1,2,2,1,2,-9,1,2,1
301000,4,1,1,6,7,1,80,1,3,2
301017,4,1,-6,5,5,1,49,2,-6,-1
301024,4,3,1,6,7,1,68,1,3,-1
301086,4,2,2,5,4,1,60,2,3,-1
301093,4,2,1,99,1,1,65,2,2,1
301130,3,1,1,4,4,2,21,2,4,1
301147,4,2,1,3,1,1,21,2,3,1
301192,3,1,2,99,7,1,73,2,4,2
301215,4,1,1,1,1,2,66,2,1,1
301253,3,1,1,99,3,2,35,2,1,1
301284,3,3,1,99,7,2,34,2,2,2
301307,3,2,1,99,1,1,60,1,1,1
301321,4,3,2,4,-9,2,43,1,3,-1
301369,3,1,1,6,7,2,80,2,1,2
301376,3,1,1,2,1,2,28,2,3,1
301413,3,1,1,1,1,2,26,1,1,1
301451,3,1,1,6,7,2,23,1,2,-1
301475,3,1,1,6,6,1,69,2,2,2
301581,4,1,1,99,4,1,63,2,4,-9
301604,4,1,1,6,7,2,48,2,3,2
301611,4,1,1,2,2,2,55,1,2,1
301659,4,1,1,4,3,2,26,1,2,1
301666,3,1,-6,4,2,2,44,2,-6,-1
301680,3,1,1,2,1,2,31,2,4,1
301697,3,1,-6,6,7,1,62,2,-6,-1
301710,4,1,1,1,4,2,30,2,2,1
301741,4,3,-6,4,3,1,60,1,-6,-1
301758,3,1,1,2,2,2,34,1,4,1
301802,4,1,1,2,1,1,52,2,2,1
301833,3,1,1,4,5,2,-9,1,4,2
301840,4,1,-6,2,1,2,41,2,-6,-1
301895,3,1,-6,4,2,2,40,1,-6,-1
301918,4,1,1,4,1,1,73,1,2,2
301987,3,4,1,2,1,2,-9,1,2,1
302003,3,1,1,3,1,1,80,1,1,1
302027,3,1,-6,2,1,2,68,1,-6,-1
302041,4,2,1,99,1,1,36,2,3,1
302140,3,1,1,4,5,2,59,2,2,1
302157,4,1,-6,6,7,1,39,1,-6,-1
302225,4,1,1,3,3,1,60,1,1,1
302270,3,2,1,99,4,2,24,2,4,-1
302317,3,2,1,1,3,2,-9,2,4,-1
302324,4,1,2,99,3,2,80,2,3,1
302386,3,1,1,99,3,2,33,1,2,1
302416,3,1,1,7,7,1,62,1,1,2
302430,4,1,1,4,4,1,43,1,3,-1
302454,4,-9,1,5,4,2,-9,-9,2,5
302515,3,1,1,7,7,2,80,2,1,2
302522,3,1,1,99,4,2,46,1,4,-1
302539,3,1,1,7,7,1,-9,2,2,2
302546,4,1,-6,6,5,-9,68,1,-6,-1
302607,4,1,2,6,5,2,58,1,1,2
302669,3,5,1,4,1,1,67,1,1,1
302676,3,1,1,3,2,2,61,1,2,1
302690,4,6,1,4,4,1,34,2,3,2
302706,4,1,1,4,2,1,80,2,3,-1
302799,4,1,-6,5,7,2,45,1,-6,-1
302812,4,3,1,99,6,2,30,1,3,2
302829,4,1,1,6,6,1,80,2,3,2
302850,4,1,1,5,5,1,60,1,2,2
302867,3,1,1,6,5,1,76,1,2,2
302898,3,3,2,6,7,1,47,1,2,2
302904,4,1,1,6,6,1,50,2,3,-1
302911,4,1,-6,7,7,2,57,1,-6,-1
302928,4,1,1,3,2,2,35,1,2,-1
302973,4,3,1,3,4,2,41,2,2,1
303013,3,1,1,2,1,2,26,2,3,1
303037,3,1,1,4,5,2,-9,1,1,1
303051,4,1,1,4,4,2,44,1,4,-1
303136,3,1,1,99,7,1,80,2,4,2
303242,4,1,1,6,7,2,77,1,2,2
303303,3,1,1,2,1,2,65,1,1,1
303310,3,3,1,4,1,2,79,1,2,1
303327,4,2,1,99,1,1,70,1,2,1
303365,4,2,-6,6,1,2,27,1,-6,-1
303402,4,1,1,2,1,2,29,1,3,1
303426,4,1,1,3,6,1,73,1,3,2
303457,4,3,1,99,3,2,20,2,2,1
303532,4,2,1,1,1,1,44,2,1,1
303563,4,1,1,99,7,2,72,1,2,2
303624,3,-9,2,3,1,2,46,1,4,1
303679,3,1,-6,6,7,1,54,1,-6,-1
303693,3,1,1,4,4,2,69,1,3,-1
303747,4,1,1,4,1,1,48,2,2,1
303792,3,1,1,6,5,1,-9,2,2,2
303808,3,1,1,4,1,2,40,1,4,1
303815,4,4,1,4,4,1,78,2,2,1
303822,4,1,1,6,7,2,49,1,3,2
303853,4,1,1,4,4,1,77,1,2,1
303877,3,1,1,2,5,2,65,1,1,2
303884,4,1,1,4,3,2,58,2,2,1
303891,4,1,1,4,4,1,58,2,2,1
303907,4,3,1,1,3,2,31,1,1,1
303952,3,1,1,4,5,1,35,1,3,1
303976,4,1,1,6,6,2,56,2,2,2
304009,3,2,1,2,1,2,58,2,2,1
304054,3,1,1,3,2,2,22,1,2,1
304078,4,4,-6,4,4,2,54,2,-6,1
304092,3,1,1,2,1,2,49,2,2,1
304153,4,1,1,4,4,1,68,2,1,1
304184,3,1,1,6,7,1,80,2,1,2
304214,4,1,1,5,5,-9,-9,1,3,2
304238,4,1,1,4,5,1,52,2,2,2
304269,3,1,1,2,1,1,44,1,2,1
304276,4,1,1,7,7,1,60,1,2,2
304290,3,1,1,7,7,2,59,2,1,2
304306,4,1,1,5,5,1,62,2,2,2
304382,3,1,1,2,3,2,70,2,2,1
304412,4,6,1,4,3,1,67,2,2,1
304436,3,2,1,4,1,1,40,1,4,1
304504,4,1,1,1,3,2,43,2,1,1
304559,4,1,1,4,4,1,74,1,1,2
304603,4,5,1,6,7,1,56,2,3,2
304658,3,3,1,4,1,2,35,1,4,-1
304665,4,1,-7,2,2,2,27,2,-7,-1
304719,4,1,2,2,2,1,24,2,2,1
304740,4,2,1,3,3,2,32,2,3,4
304757,4,1,1,99,2,2,58,1,2,2
304795,4,1,1,5,6,2,32,1,2,-1
304801,3,3,-6,6,6,2,33,2,-6,-1
304825,3,1,1,4,7,2,-9,2,1,2
304832,4,-9,1,-9,-9,-9,-9,-9,2,-1
304863,3,1,1,4,5,1,80,1,3,-1
304887,4,2,1,1,1,1,71,2,1,1
304900,4,1,1,4,4,2,69,1,2,1
304931,4,1,1,4,6,1,-9,2,2,2
304979,4,4,1,2,2,2,26,1,3,-1
304986,4,1,1,2,3,2,63,1,1,1
305040,3,2,1,4,1,1,71,1,2,1
305057,4,1,1,3,5,2,56,2,4,-1
305071,3,-9,1,99,4,2,-9,2,3,-1
305095,3,1,1,5,7,2,47,2,2,2
305149,4,3,1,2,2,2,45,2,1,1
305187,4,6,1,7,7,2,36,2,2,-1
305217,4,1,1,99,2,2,80,1,4,1
305231,3,4,1,4,1,2,19,2,3,1
305293,4,1,1,4,1,2,-9,-9,3,1
305330,4,1,1,6,7,2,44,2,4,2
305347,4,1,1,6,7,2,-9,1,2,2
305378,4,1,1,2,1,2,34,1,1,1
305385,3,1,1,1,3,2,30,1,1,1
305446,4,1,1,5,4,2,71,2,1,2
305460,3,1,1,3,3,1,69,1,2,1
305491,4,1,1,3,3,2,69,1,1,1
305521,4,1,2,5,2,1,34,2,4,-1
305545,4,4,2,99,6,1,46,2,2,-1
305613,3,1,1,5,5,2,64,1,4,2
305637,3,3,-6,3,3,1,55,2,-6,-1
305644,4,3,1,5,5,2,63,1,2,1
305651,3,1,1,2,1,2,71,2,1,1
305668,3,1,1,6,7,1,19,1,2,2
305712,4,1,1,6,7,1,47,1,2,2
305729,4,1,1,3,3,1,48,1,2,1
305767,4,1,1,2,2,2,34,1,2,1
305774,4,2,1,4,4,1,49,1,1,3
305798,3,1,-6,1,6,1,66,2,-6,-1
305804,4,3,1,4,2,1,40,1,3,1
305897,4,1,-6,6,5,1,53,2,-6,-1
305927,3,1,1,99,2,2,50,2,3,1
305934,3,1,1,6,6,2,35,1,2,2
305972,4,1,1,7,5,1,55,2,1,2
305996,3,2,1,3,3,1,-9,2,3,1
306067,3,4,1,99,2,1,59,2,3,2
306142,4,1,1,99,4,2,34,1,2,-1
306159,3,1,1,5,5,1,49,2,4,2
306203,3,2,1,2,1,1,64,2,2,1
306210,3,6,-6,99,4,2,29,1,-6,-1
306272,3,2,1,99,2,1,53,2,2,1
306302,3,1,1,4,7,1,56,1,2,2
306357,3,5,1,5,4,1,57,1,1,-1
306395,3,1,1,2,3,1,56,1,1,-1
306418,3,1,1,4,1,1,65,1,1,1
306456,3,1,2,4,5,2,66,2,3,5
306548,4,1,1,4,4,2,68,1,2,1
306562,4,3,1,4,1,1,60,2,2,1
306586,3,4,1,3,3,2,60,1,2,1
306647,4,1,1,4,2,1,59,1,2,2
306685,4,3,-6,3,3,2,34,2,-6,1
306777,3,4,1,1,1,1,33,1,2,1
306791,4,1,1,2,7,1,55,1,2,2
306852,4,-9,1,3,2,1,-9,2,2,1
306869,4,1,2,6,7,1,67,2,3,2
306883,3,1,1,4,4,1,42,1,2,-9
306975,4,4,1,6,6,1,59,1,2,2
306982,4,1,1,2,1,1,73,1,2,1
306999,3,-9,1,4,6,1,-9,1,2,-1
307015,4,1,1,5,5,2,54,2,3,3
307039,4,1,1,4,2,1,66,1,1,1
307114,3,2,1,4,3,2,-9,1,1,1
307121,3,1,1,2,1,2,56,2,2,1
307169,3,1,1,3,2,1,75,2,3,1
307176,3,1,1,5,5,1,78,2,3,1
307190,4,5,2,99,1,1,65,2,4,1
307206,4,1,1,3,1,1,44,2,1,1
307213,3,1,1,5,2,1,64,1,3,2
307237,3,1,1,1,1,2,67,2,1,1
307251,4,-9,1,99,2,-9,48,1,3,1
307268,4,1,1,6,7,1,68,1,1,2
307275,3,1,1,6,7,1,39,2,2,2
307282,4,2,-7,1,1,1,54,1,-7,-1
307305,4,1,1,3,1,1,80,2,2,1
307336,4,4,1,3,2,1,27,2,2,1
307404,4,1,1,2,1,2,55,1,2,1
307435,4,1,1,4,3,1,27,1,3,1
307466,3,1,1,6,7,2,65,2,2,2
307510,4,1,1,99,5,1,67,1,3,2
307534,3,1,1,99,6,2,51,2,2,1
307589,4,1,-6,6,7,1,44,1,-6,-1
307602,3,1,1,99,1,2,45,2,3,1
307626,4,1,1,4,5,2,29,2,3,2
307640,3,-9,1,3,3,2,54,1,3,1
307718,3,1,1,99,7,1,80,1,2,2
307725,4,1,1,5,7,2,72,2,2,2
307800,4,3,1,2,3,2,49,1,2,1
307817,4,1,1,6,6,2,31,1,3,2
307824,4,2,1,4,7,1,66,1,1,1
307831,3,1,1,6,7,2,80,1,1,1
307923,4,2,1,4,1,1,47,1,2,1
307930,3,3,1,7,5,1,60,1,1,2
307947,3,2,1,6,7,1,80,1,1,2
307978,3,4,1,5,2,1,80,2,2,1
308001,4,4,-6,4,2,1,68,1,-6,-1
308018,4,1,1,4,7,1,60,1,3,-1
308049,4,3,1,7,5,1,51,1,1,2
308070,4,1,1,6,5,1,76,1,1,2
308087,3,3,2,4,3,2,28,1,2,1
308094,3,1,-7,2,1,2,19,2,-7,-1
308124,3,1,-6,7,7,1,23,2,-6,-1
308131,4,1,1,2,1,1,69,2,1,1
308162,3,1,1,6,7,1,76,1,1,2
308209,4,1,1,6,6,2,61,1,1,2
308216,3,1,1,6,7,2,33,2,4,2
308285,3,1,1,2,1,2,59,2,1,1
308308,4,1,1,6,6,1,75,2,1,2
308360,4,1,-6,99,7,2,41,2,-6,-1
308391,3,3,1,3,1,1,35,2,3,1
308407,3,2,1,99,1,2,39,2,2,1
308414,3,1,1,6,6,1,48,2,2,2
308476,3,1,-6,4,2,2,72,1,-6,-1
308513,4,1,1,4,7,1,74,1,2,2
308520,3,1,1,2,3,2,71,1,2,1
308537,4,-9,1,5,6,1,76,1,3,1
308643,4,1,2,-9,5,2,28,2,4,-1
308667,4,1,1,5,5,2,26,2,3,1
308704,3,1,1,2,1,2,68,2,1,1
308711,3,1,1,2,1,2,46,1,2,1
308735,3,2,1,3,3,2,47,1,3,1
308742,4,3,1,99,4,2,28,1,4,-1
308773,3,3,1,6,4,1,23,2,1,3
308780,3,1,1,3,1,2,65,2,1,1
308797,4,1,1,2,1,2,40,2,4,1
308810,4,1,1,2,2,2,73,1,1,1
308827,4,3,1,99,1,1,41,2,1,1
308865,3,2,1,3,2,2,52,1,2,1
308889,3,4,1,3,2,2,47,1,2,1
308896,4,1,-6,4,4,1,26,1,-6,-1
308926,3,1,1,4,1,1,80,1,1,1
308933,3,1,-6,3,1,2,80,2,-6,-1
308957,4,2,1,3,1,1,61,-9,2,1
308971,3,1,-7,5,5,2,27,1,-7,-1
308988,4,1,1,4,5,1,59,2,2,1
309004,3,1,1,1,1,2,44,2,2,1
309011,4,4,2,4,3,2,26,1,4,-1
309028,4,1,1,3,1,1,37,2,2,1
309080,3,1,1,6,7,2,55,1,2,2
309097,3,1,1,99,5,2,80,1,2,2
309134,3,3,-6,99,2,2,19,2,-6,-1
309141,3,6,2,4,4,1,70,1,3,-1
309158,4,1,1,4,6,1,27,2,3,-1
309189,4,3,1,99,1,1,-9,2,2,1
309202,4,1,1,7,6,1,57,1,3,2
309318,4,2,1,4,1,2,66,1,2,1
309325,4,3,1,1,1,2,60,1,1,1
309349,3,1,1,4,2,2,47,1,4,1
309370,3,1,1,4,3,2,77,1,2,1
309400,4,2,1,2,1,1,49,2,1,1
309431,4,1,1,4,2,2,54,2,-5,2
309486,4,1,1,99,6,1,64,2,2,2
309516,3,1,-6,6,5,2,28,1,-6,-1
309608,4,1,1,5,5,1,61,2,1,2
309653,3,6,2,4,2,1,54,2,3,1
309660,4,1,1,6,7,2,25,2,3,1
309677,3,1,2,4,2,2,29,2,3,1
309684,3,1,1,1,3,1,24,2,1,1
309769,3,1,-6,2,1,1,77,1,-6,-1
309851,4,1,1,2,1,2,30,2,2,1
309868,4,3,-6,5,7,1,40,2,-6,-1
309882,4,1,1,99,1,2,68,2,2,1
309899,4,1,1,1,3,1,65,1,1,4
309943,4,1,1,6,7,2,33,1,1,-1
309967,4,1,1,5,6,1,39,1,3,-1
310028,4,4,1,2,2,2,32,1,2,-1
310066,4,1,1,3,7,1,60,2,2,2
310097,4,1,1,4,3,1,35,1,2,1
310103,4,1,1,6,7,1,71,2,2,2
310110,3,1,2,6,6,2,63,1,2,2
310196,3,3,1,5,5,1,41,2,3,5
310240,3,2,1,4,1,2,40,2,2,-1
310271,4,1,1,3,1,2,80,1,2,1
310288,4,6,-6,6,4,2,49,1,-6,-1
310295,4,1,2,99,4,1,69,2,3,2
310318,4,1,-6,3,4,2,34,1,-6,-1
310332,3,1,-6,3,1,1,54,2,-6,-1
310394,4,1,1,2,1,2,80,2,1,1
310417,4,2,1,4,4,1,-9,1,3,-1
310424,4,2,1,99,1,1,64,2,3,-1
310462,4,4,2,5,5,2,50,1,1,-9
310486,4,1,1,6,5,2,49,1,1,2
310516,3,1,1,6,5,1,62,2,2,2
310547,4,1,1,1,3,2,26,2,2,1
310554,3,1,1,5,5,1,28,2,-5,2
310592,4,1,1,3,3,2,39,1,1,1
310639,4,4,1,3,2,2,49,1,2,1
310646,4,1,1,4,6,2,66,1,2,1
310677,4,1,1,6,7,1,56,1,1,2
310684,3,1,1,4,6,1,67,1,3,1
310776,4,1,1,3,3,2,20,1,2,1
310806,4,2,1,3,1,1,73,2,1,1
310813,4,1,1,1,1,2,49,1,1,2
310868,3,1,1,6,7,1,69,1,1,2
310899,4,1,1,2,2,2,50,2,3,1
310936,3,3,1,3,1,1,54,2,2,1
310950,3,2,1,99,1,2,54,1,2,1
311007,3,2,1,99,1,2,65,2,4,1
311014,4,6,1,3,3,1,80,2,2,1
311052,3,6,1,2,3,2,23,2,2,1
311083,3,1,1,4,4,2,33,2,2,-1
311175,3,4,-6,4,2,2,-9,1,-6,-1
311199,4,4,1,2,2,2,43,2,3,1
311212,3,2,1,1,4,1,49,2,1,-1
311229,4,1,1,4,3,1,25,2,2,1
311250,3,1,1,3,2,2,30,2,2,1
311304,4,1,1,99,2,1,51,1,3,2
311311,3,1,1,4,6,1,75,2,2,2
311335,3,1,1,5,4,1,74,2,2,2
311359,4,1,1,6,7,1,64,2,3,2
311373,3,1,1,6,6,1,33,2,2,2
311397,4,1,-6,3,4,2,37,1,-6,-1
311403,4,1,1,6,6,2,73,2,2,2
311427,4,1,-6,4,3,2,64,1,-6,-1
311434,4,1,-6,99,6,2,50,2,-6,-1
311458,4,1,-6,4,6,1,55,1,-6,-1
311496,4,1,-6,99,5,2,26,1,-6,-1
311502,3,1,-6,7,7,1,59,1,-6,-1
311519,4,1,1,7,7,1,-9,1,2,2
311540,4,1,1,5,6,1,53,1,2,1
311557,3,3,1,99,2,2,25,2,2,-1
311571,4,1,1,5,5,1,80,2,2,2
311595,4,3,2,99,1,2,40,2,4,2
311601,3,4,1,3,2,1,31,1,2,1
311618,3,1,1,6,7,1,72,1,2,2
311649,3,3,1,2,1,2,22,1,2,1
311663,3,1,-7,4,6,1,71,2,-7,-1
311670,4,5,1,4,1,2,-9,-9,2,1
311694,4,6,1,2,1,2,52,1,1,1
311762,4,4,1,6,7,1,39,1,3,2
311809,4,6,1,4,5,1,59,2,2,2
311847,3,1,1,4,1,2,67,1,1,1
311885,4,1,1,7,7,1,61,1,2,2
311908,4,1,1,1,3,1,41,1,1,3
311915,3,1,1,99,7,1,56,2,2,2
311922,3,1,1,6,6,2,65,1,3,2
312017,3,1,1,4,3,1,64,2,2,1
312024,4,1,1,2,2,2,24,2,2,1
312079,4,1,1,4,1,2,72,1,2,-1
312109,4,1,1,6,6,1,39,1,2,2
312123,3,5,-6,4,2,1,64,2,-6,-1
312130,3,1,-6,5,6,2,73,2,-6,-1
312147,3,1,1,2,2,2,23,2,2,1
312154,4,1,-6,5,1,2,72,2,-6,-1
312208,4,2,1,2,1,2,19,2,1,1
312246,4,1,1,4,6,2,42,1,3,2
312277,3,6,2,1,1,1,26,2,4,-1
312291,3,4,1,99,3,1,19,2,4,-1
312321,4,3,1,4,1,1,77,2,1,1
312345,3,5,1,4,5,2,46,2,2,3
312369,4,3,1,2,1,2,35,2,4,1
312413,4,1,1,2,1,2,66,2,2,1
312444,4,2,1,99,1,1,68,2,2,1
312451,4,1,1,5,5,1,63,2,3,2
312475,4,1,1,4,4,2,40,1,3,1
312574,3,1,2,6,7,1,26,1,3,-1
312581,3,1,1,7,7,1,80,1,1,2
312598,4,1,1,4,1,2,53,2,2,1
312604,3,1,1,4,6,1,35,2,4,2
312611,4,1,1,3,2,2,34,2,2,1
312628,3,5,-7,3,4,1,66,1,-7,-1
312659,4,4,1,4,5,2,30,2,2,1
312680,4,1,1,4,1,1,80,2,2,1
312697,4,1,1,99,2,1,72,2,1,1
312703,3,1,1,6,7,1,31,2,1,2
312710,4,1,1,99,1,1,80,2,3,1
312741,3,1,1,3,2,2,25,1,2,1
312758,3,1,1,2,3,2,55,1,1,1
312802,4,1,-6,2,1,2,59,2,-6,-1
312826,3,3,1,4,1,2,80,1,2,1
312833,4,1,1,6,7,1,51,2,3,2
312888,4,1,1,2,1,1,63,2,1,1
312895,3,1,1,99,6,2,64,2,3,-1
312918,4,2,1,99,1,1,63,1,4,1
312925,4,1,1,2,1,2,75,2,3,-1
312956,3,3,2,4,4,1,32,2,3,-1
313003,3,1,1,4,2,2,80,1,2,-1
313034,3,1,1,2,1,1,68,2,1,1
313089,3,1,1,6,7,1,22,1,1,2
313102,3,1,1,99,4,1,25,1,2,2
313157,3,2,2,2,1,1,47,2,2,1
313195,4,6,1,5,5,2,30,2,2,2
313218,3,3,1,4,4,2,61,1,2,-1
313232,4,1,-6,3,2,2,-9,2,-6,-1
313263,4,1,1,1,1,2,55,2,1,1
313270,4,1,1,3,2,2,32,2,3,1
313287,4,1,1,7,7,1,71,1,2,2
313317,4,4,2,5,5,2,53,1,2,-1
313348,4,1,1,4,5,1,70,1,2,2
313362,4,1,1,2,1,2,42,1,3,1
313485,3,1,1,7,7,1,71,1,2,2
313515,3,1,1,1,1,2,21,2,2,1
313546,4,1,1,7,7,1,71,1,2,2
313560,3,1,1,4,6,2,41,1,4,-1
313591,4,1,1,2,1,2,42,2,1,1
313614,3,1,2,4,4,2,66,2,2,1
313669,4,1,1,1,3,2,44,1,2,1
313683,4,1,-7,2,2,2,-9,-9,-7,-1
313744,4,1,1,4,4,2,38,2,3,-1
313751,3,1,1,4,4,2,35,2,2,1
313768,3,1,1,1,3,2,28,1,1,1
313812,3,1,1,2,6,1,-9,1,4,2
313850,4,1,1,6,5,1,65,1,2,2
313867,4,4,1,2,1,2,30,1,2,-1
313911,4,1,2,5,6,1,76,2,3,2
313928,3,3,-6,3,2,2,21,1,-6,-1
313966,4,1,1,3,1,2,79,2,2,1
314006,4,3,1,1,3,2,41,2,2,1
314020,3,2,1,99,5,1,30,1,2,-1
314051,3,1,-6,3,1,2,56,1,-6,-1
314112,4,1,-6,7,2,1,49,1,-6,-1
314136,3,1,1,5,5,2,43,2,3,2
314174,4,4,1,4,2,2,49,1,2,1
314198,4,1,2,99,4,2,20,1,3,-1
314228,4,1,1,4,5,1,63,2,1,2
314235,3,2,-6,4,1,1,57,1,-6,-1
314266,4,1,1,3,3,2,48,2,2,1
314273,4,2,1,4,1,1,58,1,1,1
314297,3,1,1,2,1,2,68,1,1,1
314327,3,5,1,4,4,2,27,2,3,-1
314372,4,1,1,6,6,1,41,2,3,-1
314402,4,1,1,2,1,1,62,2,1,1
314419,3,1,1,6,7,1,-9,2,2,2
314433,4,6,1,2,3,2,58,2,2,-9
314440,4,1,1,5,2,2,80,1,4,1
314471,4,1,1,1,1,2,35,1,1,1
314518,3,1,1,5,6,1,66,2,1,2
314532,3,1,1,6,3,1,66,2,2,1
314549,4,1,1,1,1,1,71,1,1,1
314556,4,1,2,3,3,2,80,2,3,1
314587,4,1,1,6,7,2,34,2,3,2
314594,3,1,1,4,6,2,63,1,2,1
314617,4,1,1,2,3,1,23,1,2,1
314631,4,1,2,4,7,2,63,1,3,-1
314679,4,1,1,1,1,2,59,2,2,1
314693,3,1,1,4,7,2,43,2,2,2
314716,3,1,1,6,5,2,69,1,1,2
314754,4,1,1,6,7,2,37,1,2,2
314785,4,1,-6,6,7,1,51,1,-6,-1
314792,4,1,1,6,6,2,69,1,1,2
314822,4,1,1,1,1,2,24,2,1,1
314884,3,2,2,5,1,1,62,2,2,1
314891,4,1,1,3,1,2,61,2,2,1
314945,4,1,1,6,7,2,69,2,2,2
314969,4,1,1,6,7,2,46,2,2,-1
315054,4,1,1,6,6,2,72,1,2,2
315092,4,3,1,5,5,2,30,2,4,-1
315115,4,1,1,6,7,2,66,1,2,-1
315139,4,6,-6,1,1,2,26,2,-6,-1
315146,4,3,1,6,5,1,66,2,2,2
315207,4,1,-6,4,4,2,60,2,-6,-1
315245,4,1,1,4,5,1,54,1,2,5
315276,4,2,1,99,1,2,74,2,2,1
315351,3,1,1,4,4,2,39,2,2,1
315399,3,1,2,99,6,2,-9,1,2,-1
315429,3,3,1,99,7,1,60,2,2,2
315436,3,1,1,4,4,1,22,1,2,2
315481,3,1,1,3,4,2,69,1,2,1
315504,4,1,1,5,6,1,59,2,2,2
315511,3,1,2,4,3,2,65,2,4,1
315528,3,4,2,4,6,1,50,2,3,2
315535,4,1,1,5,7,2,50,2,2,2
315559,3,1,1,4,4,1,23,1,3,-1
315597,3,2,-6,4,3,1,55,1,-6,-1
315603,4,1,1,1,1,2,57,2,1,1
315610,4,1,1,5,2,1,56,1,2,1
315641,4,1,1,99,1,1,70,2,2,1
315696,4,5,1,2,1,2,38,2,2,-1
315757,3,1,1,6,7,2,75,2,2,2
315764,3,4,1,4,1,1,36,2,3,1
315788,4,1,1,6,5,2,49,1,3,2
315801,3,6,1,6,6,1,28,1,3,2
315870,4,1,1,2,4,-9,56,1,1,-1
315887,4,1,1,2,1,2,28,2,2,1
315917,3,1,1,4,1,2,69,2,2,1
315924,3,1,1,3,1,2,67,2,1,1
315955,3,3,1,99,3,2,18,2,3,-1
315993,4,1,1,2,4,2,80,2,3,1
316002,3,1,1,5,5,1,36,1,2,2
316019,4,-9,1,3,1,1,74,-9,2,1
316040,3,1,1,4,7,2,66,2,2,-1
316064,4,3,1,4,1,1,41,2,2,1
316071,3,6,1,4,1,2,29,2,2,1
316088,3,1,1,99,4,2,42,2,3,1
316095,3,1,1,5,4,2,74,1,1,1
316187,4,2,1,99,1,1,33,2,3,-1
316224,3,2,1,99,2,2,33,2,3,1
316248,4,6,1,4,1,1,56,2,2,1
316255,3,2,1,4,2,2,61,2,3,1
316262,3,3,1,7,7,1,29,2,2,2
316286,3,1,1,4,3,2,47,1,1,1
316316,4,5,-6,99,4,1,51,2,-6,-1
316330,4,1,1,2,2,1,24,2,3,2
316354,3,1,1,2,1,2,66,2,1,1
316392,4,1,1,2,2,2,53,1,1,1
316446,4,1,1,99,2,2,57,2,2,-1
316453,3,1,1,99,7,2,49,2,2,2
316460,4,1,1,2,2,2,46,1,3,1
316477,3,1,1,99,3,2,37,1,2,-1
316507,3,1,1,2,1,2,39,1,1,1
316521,4,1,1,4,4,2,18,2,3,-1
316576,3,1,1,1,1,2,79,1,1,1
316590,3,1,1,3,2,2,39,1,1,1
316644,3,1,1,99,7,1,67,2,1,2
316682,4,1,2,2,1,2,-9,2,4,1
316699,4,1,1,6,7,2,40,2,2,2
316705,4,2,1,99,4,1,36,1,3,-1
316729,4,3,1,4,2,2,65,2,4,1
316736,4,1,1,2,1,1,31,2,1,1
316750,4,6,1,2,3,2,71,2,2,1
316767,3,1,1,2,2,2,23,2,1,1
316774,4,1,1,3,3,2,75,1,1,1
316828,4,1,1,2,1,2,29,2,2,1
316835,4,3,1,3,3,2,26,2,2,-1
316873,4,1,1,6,7,1,41,2,3,2
316880,3,1,1,4,4,1,57,1,3,2
316897,4,1,1,4,2,1,59,1,3,2
316903,4,-9,1,99,4,1,-9,2,3,5
316927,4,1,-6,6,6,1,23,1,-6,-1
316958,3,1,1,7,7,2,25,1,2,2
316989,3,2,1,2,1,2,57,1,1,1
317012,4,1,1,2,1,1,66,1,2,1
317029,4,1,1,4,1,1,80,2,2,1
317036,4,2,1,99,2,2,58,2,2,-1
317043,4,1,1,4,4,1,38,2,2,2
317128,4,1,2,99,7,1,-9,2,4,2
317166,3,1,1,2,1,2,54,2,1,1
317197,4,1,1,6,7,1,57,1,1,2
317227,3,1,1,6,7,2,77,1,2,2
317234,3,1,1,4,2,1,40,1,3,1
317357,4,2,1,4,1,2,58,2,2,1
317371,4,1,2,6,7,2,70,1,2,2
317418,3,4,1,4,5,1,35,2,2,2
317449,4,1,1,3,2,1,50,1,2,1
317463,3,4,-6,99,1,2,66,1,-6,-1
317470,4,1,1,5,4,2,80,1,1,2
317555,3,1,1,3,1,2,58,2,1,1
317586,3,1,1,2,1,2,47,1,2,1
317630,3,1,1,4,1,1,29,1,2,1
317685,3,1,-6,2,1,2,60,2,-6,-1
317692,3,1,1,7,7,1,74,1,1,2
317708,3,1,1,99,6,2,49,2,3,2
317715,4,1,1,4,3,1,73,1,3,1
317739,4,1,-6,5,6,2,40,1,-6,-1
317777,4,1,-6,6,7,1,52,1,-6,-1
317821,3,1,2,7,5,1,69,2,3,2
317845,4,4,1,3,2,2,36,2,3,-1
317869,3,4,1,6,5,1,52,2,2,2
317890,3,1,1,5,6,1,53,2,2,2
317906,4,1,2,99,4,2,35,2,1,-1
317944,4,2,-7,99,3,1,27,2,-7,-1
317951,3,1,-6,3,3,2,32,1,-6,1
317968,4,1,1,6,7,2,41,2,2,2
318039,4,2,-6,99,1,2,77,1,-6,-1
318053,3,1,1,5,4,1,50,1,3,1
318121,3,1,1,5,6,1,43,2,2,2
318138,4,5,1,5,4,-9,-9,1,2,-1
318145,4,1,2,4,6,1,46,2,4,-1
318169,4,3,1,99,4,2,80,2,1,-1
318206,3,1,1,2,2,2,36,2,2,1
318275,3,6,1,3,1,2,48,1,1,1
318299,4,3,1,4,4,2,29,1,3,-1
318329,3,1,1,99,1,2,66,1,3,1
318336,4,1,1,2,1,2,69,2,2,1
318343,3,1,1,3,3,2,80,1,1,1
318497,4,1,-6,5,5,2,61,1,-6,-1
318503,4,4,1,4,6,2,50,2,3,1
318527,4,1,1,2,1,2,39,1,1,1
318657,4,6,1,3,1,2,29,1,2,1
318688,4,1,1,3,3,2,66,1,2,1
318718,3,1,1,4,4,2,53,2,2,2
318756,4,3,1,2,1,1,36,2,1,1
318763,3,1,1,6,6,1,64,1,3,2
318848,4,2,1,4,2,2,35,2,3,-1
318855,4,1,1,5,1,2,34,1,3,-1
318862,4,1,2,99,1,2,54,2,4,1
318909,4,1,1,99,7,1,28,2,3,2
318916,4,1,1,6,7,1,66,1,2,2
318923,3,3,1,99,4,1,32,1,3,-1
318954,3,1,1,6,7,1,56,2,3,2
319001,3,3,1,99,1,2,40,2,2,-1
319025,3,1,1,2,1,2,68,1,1,1
319063,3,1,1,7,7,1,80,1,2,2
319070,3,1,2,6,3,2,74,1,3,1
319124,4,1,1,3,2,2,31,2,3,1
319131,4,1,1,2,2,2,28,2,2,1
319155,4,1,1,1,1,2,75,2,1,1
319193,3,1,1,5,7,2,44,1,1,2
319209,4,1,2,99,4,2,27,1,4,-1
319223,3,1,1,5,7,1,74,2,2,2
319230,4,1,1,2,3,2,38,1,2,1
319278,3,1,1,6,6,1,64,1,3,2
319315,4,5,1,7,1,1,56,2,2,1
319322,3,1,1,3,1,2,72,1,2,1
319353,3,1,1,2,1,2,63,2,2,1
319391,4,1,1,1,1,2,31,2,3,1
319407,4,1,1,3,3,2,27,2,4,1
319421,4,1,2,99,2,2,58,2,4,-1
319438,3,1,1,7,7,1,38,1,1,2
319445,3,1,1,6,7,1,53,1,1,2
319452,3,1,1,2,3,2,58,2,3,1
319476,4,6,1,7,5,1,51,1,1,2
319483,3,1,1,99,4,2,41,2,3,1
319551,4,4,-6,99,2,1,18,2,-6,-1
319568,4,1,1,3,2,2,38,2,3,1
319575,4,1,1,4,1,1,72,2,1,1
319599,4,1,-6,4,7,1,51,1,-6,-1
319605,3,1,1,4,5,2,37,1,2,-1
319650,4,1,1,6,6,1,76,1,1,2
319780,4,1,1,3,3,1,51,2,3,1
319797,4,1,1,4,4,2,80,1,2,1
319858,3,1,1,3,3,2,71,1,1,1
319865,3,1,1,6,7,2,21,1,2,1
319896,4,3,-6,1,2,2,-9,2,-6,-1
319971,3,1,1,99,6,2,53,2,2,2
319988,4,1,1,4,2,2,79,2,2,1
320001,3,1,-6,6,7,1,37,1,-6,-1
320018,3,1,1,4,5,1,74,2,4,1
320056,3,1,1,2,2,2,57,2,2,1
320087,3,5,-6,99,4,1,80,1,-6,-1
320124,4,-9,2,4,6,2,56,-9,3,-1
320155,4,1,1,6,7,1,61,2,2,2
320162,4,1,2,6,6,1,30,2,2,2
320209,4,3,-6,4,5,1,31,1,-6,-1
320261,4,1,1,4,6,2,66,2,2,-1
320278,4,1,1,5,5,1,74,1,2,2
320308,4,6,1,6,5,1,78,1,-5,2
320315,4,5,-6,99,1,2,28,1,-6,-1
320322,4,1,1,6,6,2,78,2,2,-1
320353,4,5,1,6,7,1,68,1,2,2
320360,4,1,1,2,3,1,66,2,2,-1
320407,3,3,-6,3,3,2,31,2,-6,-1
320414,4,1,1,2,1,2,22,2,1,-1
320469,4,1,1,2,3,2,79,2,1,1
320476,4,1,1,2,1,2,54,1,2,1
320490,3,1,-6,99,7,1,51,2,-6,-1
320506,4,1,1,99,5,2,63,2,3,2
320537,4,1,1,2,1,1,60,2,3,1
320544,3,1,1,5,5,2,63,2,2,2
320575,3,1,1,6,7,2,27,1,1,2
320605,3,2,1,1,1,1,52,2,2,1
320612,4,1,1,4,6,1,49,2,3,1
320636,4,6,1,3,1,2,38,1,2,1
320643,4,1,1,5,7,1,40,2,1,2
320667,4,1,2,6,7,1,32,1,2,2
320674,3,3,1,1,1,1,29,2,2,1
320681,3,1,2,6,5,1,79,2,2,2
320711,3,1,1,6,7,1,80,1,1,2
320735,3,1,1,7,7,1,71,2,2,2
320742,4,1,1,3,2,1,24,2,-5,1
320773,4,1,1,99,4,2,44,2,2,-1
320803,3,1,1,4,5,2,59,1,2,2
320810,4,-9,1,4,-9,1,-9,-9,2,2
320865,4,1,1,3,3,2,38,2,2,1
320896,3,1,-6,6,6,1,36,2,-6,-1
320926,3,1,1,4,5,1,60,1,3,2
320940,4,1,1,4,4,2,38,1,4,-1
320995,3,1,1,99,3,1,39,2,4,-1
321004,3,1,1,5,7,1,71,2,2,2
321035,3,3,1,99,4,2,29,1,2,-1
321042,4,6,1,6,7,2,42,1,1,2
321066,4,4,2,4,1,1,80,1,4,1
321103,4,1,1,2,1,2,52,2,2,1
321134,4,2,2,4,1,1,49,1,3,-1
321141,3,1,2,7,7,1,69,1,3,2
321226,4,1,1,3,2,2,60,1,2,-1
321271,4,1,-6,4,1,2,69,2,-6,-1
321288,4,6,1,4,5,1,69,2,1,2
321301,4,1,1,4,6,-9,27,2,3,-1
321325,4,2,2,1,1,2,30,2,2,-1
321332,4,2,2,99,1,1,56,2,3,1
321356,3,1,1,6,7,1,33,2,2,2
321394,3,1,-6,3,4,1,36,2,-6,-1
321400,4,6,1,3,1,2,65,2,1,1
321424,4,1,-6,4,1,1,51,2,-6,-1
321431,3,1,2,2,3,2,73,2,2,1
321448,4,1,-6,6,4,-9,79,1,-6,-1
321462,4,1,1,5,7,2,20,1,1,2
321493,4,1,1,4,6,1,24,2,2,-1
321509,4,1,1,4,5,2,20,1,2,2
321516,3,1,1,3,4,1,35,1,2,1
321585,3,1,1,5,5,1,23,2,3,2
321592,4,1,1,4,3,2,57,2,3,1
321608,4,1,1,3,3,2,66,1,2,1
321622,3,4,1,6,5,2,62,1,4,-1
321677,3,1,1,2,2,2,65,2,2,1
321691,4,1,1,4,3,2,67,2,2,1
321813,3,1,1,3,4,2,49,1,2,-1
321820,3,1,1,5,5,1,36,2,2,2
321851,4,1,-6,4,6,2,27,1,-6,-1
321868,3,1,1,4,5,1,26,2,2,-1
321905,3,1,1,6,7,2,59,1,1,2
321943,4,1,-6,99,4,1,61,2,-6,-1
321974,4,1,1,99,1,2,30,1,2,1
322021,3,2,-6,99,1,1,25,2,-6,-1
322038,4,1,1,2,1,1,38,1,1,1
322083,4,1,1,4,4,1,51,2,2,2
322137,3,1,1,6,7,1,80,2,2,2
322182,3,-9,1,-9,-9,-9,-9,1,2,-1
322199,3,1,1,5,5,2,80,1,2,2
322243,4,1,-6,4,4,2,-9,1,-6,-1
322267,3,1,1,4,7,2,37,2,2,2
322274,4,1,1,7,7,1,43,2,1,2
322281,3,1,1,1,1,2,65,1,2,1
322328,4,2,1,4,2,-9,76,2,3,1
322335,4,1,1,99,7,1,56,2,3,2
322366,4,3,1,2,1,1,39,1,2,1
322380,3,1,2,99,3,2,40,1,3,-1
322465,3,6,1,5,7,1,80,2,2,5
322526,4,1,-6,99,4,2,27,2,-6,-1
322533,4,1,1,6,7,1,36,2,2,2
322540,3,1,1,6,6,2,28,1,2,2
322564,3,-9,-7,99,-9,-9,-9,1,-7,-1
322632,3,5,1,4,1,2,62,2,2,1
322649,3,1,1,4,5,2,59,1,1,1
322656,4,1,1,6,7,1,74,1,1,1
322694,4,1,1,4,3,2,71,1,1,-1
322700,4,6,1,4,3,2,28,1,2,-1
322755,4,1,1,2,2,2,44,2,2,1
322762,3,1,-6,1,1,2,45,1,-6,-1
322786,4,1,1,2,2,2,80,2,2,1
322816,3,1,1,6,7,1,59,1,2,2
322830,4,1,1,3,3,2,69,1,1,1
322847,3,2,1,99,2,1,47,2,2,1
322854,3,1,-7,6,7,1,60,2,-7,-1
322861,3,1,1,2,2,1,39,2,2,3
322892,4,1,1,7,7,1,80,1,2,2
322946,3,1,1,6,7,1,58,1,3,2
322984,3,1,1,5,5,2,62,1,2,2
323000,3,2,1,99,1,1,48,2,3,1
323017,3,1,1,4,7,1,35,1,2,1
323024,4,2,1,4,1,1,43,1,2,-1
323062,3,1,-6,6,6,1,48,1,-6,-1
323093,4,6,1,1,3,2,37,2,1,1
323123,4,1,1,2,1,2,43,1,1,1
323147,3,1,-7,1,1,2,53,2,-7,-1
323154,4,2,1,6,1,1,59,1,2,1
323222,4,2,2,4,1,1,24,2,4,2
323253,3,1,1,99,1,1,80,1,2,1
323284,3,1,1,3,2,2,55,1,3,1
323338,4,2,2,4,4,1,50,2,3,1
323352,4,3,1,3,3,1,22,2,4,1
323376,4,3,-6,6,4,1,57,1,-6,-1
323383,3,6,2,2,1,2,78,2,4,1
323420,3,3,1,3,2,2,20,2,3,1
323437,4,1,2,4,4,2,79,1,2,-1
323482,4,1,1,5,6,2,42,1,2,2
323543,4,2,1,5,1,1,55,1,2,1
323598,4,1,1,6,7,1,18,1,1,-1
323611,3,3,1,3,3,1,18,2,2,1
323642,4,1,1,4,4,2,-9,2,3,-9
323697,4,4,1,2,1,2,36,1,2,1
323703,4,1,1,6,7,2,57,1,3,-1
323734,4,1,1,2,2,2,61,2,2,1
323789,3,3,1,2,2,2,21,2,-5,-1
323819,3,1,1,4,6,1,54,1,2,1
323857,4,1,-6,3,7,2,38,1,-6,-1
323888,4,1,1,2,1,2,73,1,2,1
323901,4,1,1,2,1,2,39,2,1,1
323918,3,1,1,99,5,2,67,2,2,2
323925,3,1,1,6,7,2,75,1,1,2
323932,3,1,-6,6,7,2,74,2,-6,-1
323949,4,1,-6,6,7,1,45,1,-6,-1
323956,4,2,1,4,1,1,39,2,2,1
324034,4,1,1,6,7,1,80,2,2,2
324058,4,1,1,99,6,1,74,2,2,2
324096,3,1,1,3,2,1,41,2,3,1
324133,4,3,2,2,1,2,50,2,1,2
324171,4,3,1,4,4,2,32,1,2,-1
324249,3,4,1,4,5,2,47,1,1,2
324263,4,2,1,4,1,1,46,2,1,1
324287,4,1,1,1,1,2,62,2,2,1
324324,3,1,1,4,2,1,45,1,1,1
324379,3,2,1,99,1,1,52,2,2,1
324393,3,2,1,4,7,1,52,2,2,2
324461,4,1,1,4,4,1,70,2,2,1
324508,4,1,1,4,5,1,52,1,2,1
324515,4,1,1,7,7,1,74,1,1,2
324522,4,1,-6,2,1,1,66,2,-6,-1
324539,4,1,1,-9,1,1,66,2,2,1
324607,4,1,1,3,1,1,70,2,2,1
324614,4,1,1,1,3,2,18,1,1,1
324638,4,1,1,3,5,2,24,2,3,5
324652,3,2,1,4,2,1,55,1,2,-9
324737,3,6,1,2,1,1,53,2,2,1
324812,3,1,1,7,7,1,40,1,3,2
324829,4,3,1,99,1,2,39,1,2,1
324850,3,1,1,2,1,2,-9,2,1,1
324881,3,1,1,4,5,2,52,2,2,2
324898,4,1,2,99,5,2,54,2,3,2
324904,3,1,1,4,3,1,39,2,2,1
324911,4,1,2,99,4,1,64,1,4,-1
324980,4,3,1,1,7,1,30,2,1,-1
324997,4,2,1,1,1,1,31,2,3,1
325044,3,1,-6,6,7,1,37,1,-6,-1
325068,4,2,2,99,3,2,40,1,4,-1
325112,4,1,1,5,6,2,80,1,1,2
325129,4,1,1,3,2,1,62,1,2,1
325136,4,1,1,2,2,1,33,1,2,1
325204,3,1,1,3,2,1,37,1,2,1
325228,4,1,1,6,7,2,52,2,1,2
325235,4,2,2,4,1,1,48,1,2,1
325266,3,1,1,7,7,2,36,1,3,2
325273,3,1,1,5,5,2,33,2,1,2
325297,4,1,1,99,1,1,68,2,2,1
325310,3,2,-6,4,3,2,65,2,-6,-1
325358,4,3,1,3,6,1,51,1,2,2
325372,4,1,1,99,4,2,25,2,2,-1
325396,3,1,1,99,2,2,62,2,2,1
325402,4,3,2,99,4,2,54,2,3,2
325419,4,2,-6,99,1,1,22,2,-6,-1
325426,4,1,-6,99,4,1,-9,1,-6,-1
325457,3,1,1,6,6,2,80,2,2,2
325464,4,1,1,6,7,1,48,1,2,2
325495,4,1,1,3,2,2,37,2,2,1
325501,4,1,-6,4,6,2,34,1,-6,-1
325556,4,1,1,7,7,1,79,1,2,2
325648,3,2,1,4,1,1,80,2,2,1
325655,4,1,1,2,1,2,72,2,1,1
325693,4,1,1,5,3,1,69,2,3,3
325716,4,1,1,6,6,1,41,2,2,2
325730,4,1,1,4,1,1,68,2,1,1
325747,4,1,1,5,5,1,63,2,2,3
325778,3,2,2,99,1,1,54,2,2,1
325815,3,3,1,6,4,1,58,2,3,2
325822,4,1,1,5,5,2,69,2,2,2
325853,3,1,1,4,4,2,65,1,3,1
325921,4,1,1,2,2,2,46,1,2,1
325983,3,1,-6,4,5,2,62,2,-6,-1
325990,4,1,-6,2,1,1,29,1,-6,-1
326023,4,1,-7,3,1,2,61,2,-7,-1
326054,4,1,1,4,5,2,52,1,2,1
326078,4,1,1,7,7,1,55,1,1,2
326177,4,1,1,4,6,2,27,2,3,-1
326184,3,1,1,3,3,2,60,1,1,1
326290,3,1,1,4,1,1,56,2,1,1
326306,4,1,2,3,2,2,-9,2,3,-1
326320,4,1,1,2,3,2,69,1,1,1
326344,4,1,2,4,3,2,66,2,2,1
326375,3,1,1,4,2,2,46,2,2,1
326412,3,1,1,4,1,1,65,1,1,1
326559,4,1,1,3,2,1,50,1,2,1
326580,4,3,1,99,2,2,50,1,2,2
326597,3,6,1,5,5,1,29,1,2,1
326603,3,1,1,3,3,1,35,2,1,1
326627,4,1,1,2,3,2,61,2,2,1
326658,3,1,1,1,1,1,51,2,2,1
326665,3,1,1,2,6,2,29,1,3,2
326672,3,1,1,2,1,2,67,2,1,1
326719,4,1,1,5,6,1,53,1,3,2
326733,4,1,1,4,2,2,62,2,3,1
326740,4,1,1,2,1,1,62,2,2,1
326771,4,1,1,2,2,1,30,2,2,1
326856,4,4,1,5,2,1,-9,1,2,1
326894,3,1,1,4,5,2,55,1,2,2
326917,4,3,1,99,3,2,31,2,3,1
326931,3,1,1,6,7,1,53,1,-5,2
327071,4,5,1,3,1,2,66,2,2,1
327095,4,1,1,6,7,1,80,1,2,2
327101,4,1,1,2,1,1,59,2,2,1
327118,4,1,1,7,7,1,68,2,2,2
327149,4,1,1,5,7,1,49,2,1,2
327170,3,1,1,2,1,1,70,2,2,1
327187,4,1,1,1,1,2,36,2,2,1
327248,3,1,1,7,7,2,49,1,2,2
327354,4,3,1,99,2,2,19,1,2,1
327415,3,1,1,2,1,2,38,2,2,1
327453,3,-9,-6,99,4,1,-9,2,-6,-1
327477,3,1,-6,99,5,1,25,1,-6,-1
327583,4,5,2,2,1,2,66,1,1,1
327613,3,1,1,5,6,1,39,2,3,2
327668,4,2,-6,4,1,1,79,2,-6,-1
327682,4,1,1,6,7,1,-9,1,1,2
327705,4,1,1,6,7,1,-9,1,4,2
327750,3,1,-6,7,7,1,52,1,-6,-1
327781,3,1,1,2,1,1,34,2,2,1
327828,4,3,1,4,3,1,30,2,3,1
327835,4,2,1,3,6,1,47,1,-5,-1
327842,3,1,1,5,6,1,66,1,1,1
327958,3,1,-6,4,4,2,58,1,-6,-1
327965,4,4,1,5,6,1,73,1,3,1
327996,4,3,1,4,2,2,26,1,1,1
328029,4,1,1,4,3,1,80,1,2,1
328043,4,1,1,4,2,1,50,2,3,2
328074,4,1,-6,6,2,1,26,1,-6,-1
328081,3,1,1,99,1,2,54,1,3,-1
328098,3,2,1,5,3,1,31,1,3,1
328104,3,-9,1,4,1,1,34,2,2,1
328166,4,1,1,5,6,2,30,2,3,1
328180,4,1,1,4,6,2,68,1,2,1
328203,4,1,-7,7,7,1,78,2,-7,-1
328272,3,1,1,4,5,1,29,1,1,1
328302,3,1,2,4,1,2,71,2,2,1
328319,3,2,1,4,1,1,55,2,1,1
328401,4,2,1,4,3,2,18,1,2,1
328418,4,1,1,2,1,2,29,2,1,1
328432,4,1,1,6,6,1,55,2,3,2
328463,4,1,1,99,2,1,49,2,4,-1
328487,4,1,1,99,5,2,37,1,4,2
328524,3,1,1,99,6,1,48,2,3,2
328555,4,1,1,7,5,1,60,2,-5,-9
328593,3,1,1,7,7,1,74,1,2,2
328616,4,1,1,4,1,1,63,1,1,1
328647,4,1,1,6,7,2,71,1,2,2
328678,4,1,1,2,1,1,48,2,2,1
328685,4,1,1,4,5,2,70,2,1,1
328739,4,1,1,2,1,2,60,2,1,1
328760,3,1,1,6,6,1,38,1,3,2
328777,3,3,1,4,4,1,42,2,3,1
328821,3,1,-6,4,5,1,42,2,-6,-1
328838,3,1,1,6,7,1,64,2,2,2
328845,4,1,1,1,1,2,53,2,1,-1
328852,3,1,1,6,7,1,49,1,2,2
328951,4,1,1,5,5,1,80,1,3,-1
328999,4,1,1,99,1,1,69,2,2,-1
329008,3,1,1,3,3,1,79,1,1,1
329015,4,6,-6,4,5,1,65,2,-6,-1
329121,3,1,1,6,6,1,45,1,2,2
329138,3,1,1,2,3,2,32,2,1,1
329176,4,1,2,3,1,2,65,2,1,1
329183,3,1,1,4,5,2,29,2,1,2
329206,4,1,1,4,4,1,80,2,2,1
329213,4,1,2,99,6,1,58,1,2,2
329329,3,3,1,99,1,1,18,2,3,-1
329398,4,5,1,99,3,1,-9,1,2,1
329404,3,1,2,99,7,1,75,1,4,2
329497,3,3,1,3,2,1,20,1,1,1
329527,3,2,1,99,1,1,35,2,3,1
329565,4,1,1,2,1,2,62,1,1,1
329572,3,2,1,1,3,2,65,1,1,1
329602,4,1,1,99,4,2,66,2,4,-9
329619,4,1,1,6,7,2,76,2,2,2
329640,3,1,1,2,1,2,54,2,2,1
329671,3,1,1,1,1,2,55,1,2,1
329695,4,3,1,99,1,2,45,2,2,1
329701,3,1,1,3,3,2,71,1,2,-1
329725,3,5,1,4,3,2,73,2,2,1
329824,4,1,1,5,7,2,39,2,2,2
329855,3,1,1,1,1,1,37,2,1,1
329879,4,2,1,3,1,1,35,1,3,1
329886,4,1,1,6,6,1,-9,2,1,2
329909,3,1,1,5,4,2,59,1,2,1
329916,3,1,1,3,2,1,40,2,2,1
329930,3,1,-6,3,4,2,36,2,-6,-1
329992,4,1,1,4,3,2,32,1,2,1
330015,3,1,1,6,7,1,24,2,2,2
330022,3,1,1,6,5,1,65,1,1,2
330039,4,1,1,2,1,2,71,1,1,1
330060,4,1,1,5,5,1,73,1,2,2
330138,3,1,1,4,4,2,23,1,3,2
330183,3,1,1,6,7,1,43,1,1,2
330275,3,1,1,4,5,2,67,2,2,2
330299,3,3,1,2,3,2,74,1,1,1
330305,3,3,1,2,1,1,55,1,2,1
330329,4,1,1,3,1,2,33,1,2,1
330336,4,1,1,2,2,1,68,2,2,-1
330343,4,1,2,4,6,2,65,1,3,2
330367,4,1,1,1,1,2,38,2,1,1
330398,4,1,1,6,7,1,72,1,2,2
330411,4,5,1,3,2,2,57,1,2,-1
330442,3,1,-6,2,1,1,54,-9,-6,-1
330466,3,1,1,2,1,2,33,1,2,1
330480,4,1,2,6,7,2,22,1,4,-1
330510,4,1,-6,4,7,2,37,1,-6,-1
330558,3,1,2,99,7,2,69,1,3,2
330565,3,2,1,4,3,1,44,2,2,1
330572,3,1,-6,4,7,1,75,1,-6,-1
330589,4,3,1,99,4,1,44,2,2,5
330602,4,3,1,99,1,2,23,2,4,1
330633,4,1,1,1,1,2,19,2,2,1
330640,4,3,1,99,1,2,66,1,2,1
330657,4,2,1,3,1,2,63,1,2,1
330664,3,1,1,7,7,1,-9,2,1,2
330671,3,1,1,2,1,2,62,2,1,1
330718,3,1,1,99,4,2,60,1,3,-1
330749,4,1,-6,99,2,2,44,2,-6,-1
330756,4,1,1,99,4,2,59,2,3,2
330787,3,1,1,5,6,2,42,1,2,1
330817,4,1,-6,4,4,2,38,2,-6,-1
330824,4,1,1,6,7,1,30,2,1,2
330831,3,1,1,4,3,2,27,2,2,1
330862,4,1,1,4,1,2,66,2,1,1
330879,4,2,1,6,1,1,55,1,2,1
330893,4,1,-6,2,3,2,34,1,-6,-1
330909,4,1,1,6,5,2,72,1,2,2
330954,4,1,1,6,7,2,18,1,2,-1
330961,4,1,1,6,7,1,80,2,2,2
330978,4,3,1,99,4,2,28,1,3,-1
330985,4,1,-7,6,5,1,57,1,-7,-1
331032,3,2,1,4,1,1,71,1,1,-9
331070,4,1,1,2,1,2,70,2,1,1
331124,4,1,1,5,4,1,38,2,2,1
331148,3,1,1,1,2,2,46,2,3,1
331162,4,1,1,2,1,2,44,1,1,1
331193,4,1,1,6,7,1,79,1,1,-9
331209,4,1,1,2,1,1,43,2,1,1
331216,3,1,1,6,5,1,43,1,1,2
331254,3,1,1,99,6,2,-9,2,2,2
331278,4,1,1,2,3,2,61,2,2,1
331308,4,1,1,7,6,1,61,2,1,2
331322,4,4,-6,4,5,1,38,2,-6,-1
331346,4,2,1,5,3,1,60,1,2,1
331360,3,2,1,2,1,1,23,1,3,1
331384,4,1,1,6,1,1,41,2,1,1
331407,4,1,1,5,6,2,49,1,1,2
331421,3,1,1,6,7,2,39,2,3,2
331469,4,1,1,6,7,1,32,2,2,2
331506,4,1,1,6,7,1,46,2,2,2
331520,4,1,1,4,3,2,43,1,2,2
331537,3,1,1,99,7,1,58,1,4,-1
331650,3,2,2,5,4,1,25,2,4,-1
331735,3,4,1,99,6,1,37,1,2,-1
331759,4,1,1,5,5,1,60,2,2,-1
331766,4,1,1,5,6,2,34,2,3,-1
331810,4,5,1,4,4,1,37,1,2,-9
331834,4,1,-6,5,6,1,69,2,-6,-1
331841,4,1,1,99,3,1,40,2,3,1
331872,3,5,1,2,3,2,43,1,2,1
331902,4,1,1,3,3,1,21,1,2,1
331926,3,1,1,4,1,2,64,1,2,1
331995,4,1,1,3,1,2,46,2,3,1
332004,4,3,1,99,4,1,41,2,2,2
332011,4,1,1,99,4,2,32,2,3,3
332035,3,2,1,3,1,1,67,2,1,1
332042,4,1,1,2,1,2,-9,2,4,1
332066,3,1,-6,99,1,1,80,1,-6,-1
332097,4,1,2,3,4,2,73,1,3,1
332110,4,1,1,99,4,2,36,1,4,2
332158,4,4,1,4,2,1,76,2,2,1
332196,3,1,1,5,7,1,80,1,3,2
332219,3,2,1,99,4,2,21,2,3,-1
332240,4,1,1,6,7,1,77,1,2,2
332257,3,3,-6,4,1,2,47,2,-6,-1
332264,4,2,1,6,6,1,29,2,2,2
332301,4,1,1,5,4,1,42,1,2,-1
332325,4,5,1,4,4,1,43,1,1,1
332394,4,4,2,99,5,2,45,2,4,-1
332400,4,3,1,4,4,2,-9,1,1,1
332417,3,1,1,5,1,2,49,2,1,1
332455,3,1,2,-9,7,1,75,1,4,-1
332462,3,1,-7,6,7,1,80,2,-7,-1
332486,4,2,1,2,1,1,39,2,3,1
332516,4,1,1,2,1,2,73,2,1,1
332530,3,3,1,6,5,1,26,2,1,2
332585,3,1,1,4,2,1,59,2,3,2
332646,4,1,1,99,3,2,25,2,4,1
332677,3,2,1,99,1,2,28,1,2,1
332691,4,1,2,4,4,1,22,1,3,5
332745,3,3,2,99,4,2,40,1,4,-1
332769,3,1,-6,2,1,2,47,2,-6,-1
332783,4,1,1,2,1,1,56,2,2,1
332790,4,1,1,6,7,1,32,1,1,2
332820,3,2,1,6,1,1,78,2,4,1
332882,3,1,1,1,2,2,72,1,2,1
332905,4,1,2,3,2,1,34,2,2,1
332943,4,1,1,5,5,1,70,1,2,2
332950,3,1,1,4,4,2,26,1,3,1
333007,4,3,1,2,1,1,27,1,3,1
333052,4,1,1,6,7,2,74,1,2,2
333083,3,1,1,5,7,2,64,2,2,-1
333113,4,1,1,6,7,2,80,1,2,2
333137,4,1,1,5,5,2,58,1,2,2
333144,3,1,1,4,6,1,56,2,2,2
333168,4,1,-6,5,1,2,68,1,-6,1
333175,4,1,1,4,1,1,78,1,2,1
333182,4,4,1,99,4,2,-9,2,4,2
333243,4,1,1,4,2,1,20,2,3,-1
333281,3,2,1,3,2,2,33,1,3,-1
333298,4,1,1,3,3,2,80,2,2,1
333403,3,1,-6,5,2,2,50,2,-6,-1
333472,3,3,-6,99,1,1,62,1,-6,-1
333489,4,1,1,3,1,2,35,1,1,1
333595,4,3,1,5,5,2,63,2,2,1
333625,4,2,2,99,1,1,70,2,2,1
333649,3,1,1,5,5,1,27,1,1,5
333656,3,1,1,6,5,1,62,2,2,2
333663,4,1,1,2,1,2,29,2,4,1
333687,3,2,1,99,1,1,61,1,2,1
333762,4,4,1,2,2,1,19,2,2,1
333786,4,1,1,99,6,1,27,2,4,-1
333809,4,1,-6,6,7,1,73,2,-6,-1
333823,4,1,1,2,4,1,31,2,-9,4
333847,4,1,1,2,3,2,50,1,1,1
333915,4,2,-6,3,1,2,60,2,-6,-1
333922,3,5,1,5,5,2,55,-9,2,-9
333939,4,1,1,1,4,2,30,2,2,-1
333946,3,4,1,99,4,2,25,1,3,-1
333960,4,1,1,99,4,1,20,2,4,1
333984,4,-9,-6,4,-9,1,-9,-9,-6,-1
334017,4,1,1,2,2,2,47,2,2,1
334031,4,1,1,4,5,2,61,2,1,2
334048,4,1,2,99,4,2,29,2,4,1
334055,4,1,1,7,7,1,70,1,2,2
334109,4,3,1,1,1,2,56,2,1,1
334116,3,1,1,3,3,2,59,1,2,1
334123,4,1,1,1,1,2,73,2,2,1
334154,3,1,1,4,5,2,71,2,2,2
334161,3,4,1,2,2,2,32,2,1,1
334215,4,1,-6,99,3,1,79,2,-6,-1
334291,4,1,1,3,3,2,-9,2,1,1
334338,4,1,2,99,1,2,49,2,3,1
334390,3,1,2,2,3,2,43,2,2,1
334420,4,3,1,2,3,2,39,2,1,1
334451,3,2,1,6,1,2,46,2,1,-1
334475,4,1,1,99,4,1,47,2,1,-1
334482,3,1,1,6,7,1,72,2,2,2
334512,3,4,-6,2,1,1,78,2,-6,-1
334536,4,1,1,7,7,1,68,1,2,2
334543,3,1,1,4,6,2,47,2,4,2
334604,3,1,1,4,4,1,74,1,2,2
334611,3,1,-6,7,7,1,-9,1,-6,-1
334628,4,1,1,2,2,1,73,1,2,1
334659,4,1,1,3,3,1,31,1,1,1
334673,4,2,1,4,3,1,60,2,1,1
334703,4,1,1,2,1,2,54,2,2,1
334727,3,1,1,2,1,2,54,2,1,1
334758,3,1,1,3,1,1,76,1,2,1
334765,4,1,1,99,4,1,67,2,4,-1
334802,3,1,1,6,5,1,59,2,-5,2
334819,4,1,1,5,6,2,30,2,4,2
334840,4,1,-6,6,7,1,67,1,-6,-1
334888,4,1,1,6,7,1,62,2,2,2
334895,4,1,1,5,6,2,24,1,2,2
334932,3,6,1,2,1,2,20,1,1,1
334956,3,2,1,2,1,1,59,1,1,1
334987,4,1,1,99,3,1,54,1,2,-1
334994,4,1,1,2,4,2,59,2,3,4
335003,4,1,2,3,6,2,39,1,4,-1
335010,4,1,1,5,6,2,28,1,2,-1
335058,3,1,1,4,1,1,47,2,3,1
335157,4,1,1,4,6,1,61,2,2,2
335201,4,1,1,3,3,2,37,1,2,1
335225,3,2,-6,4,1,1,40,1,-6,-1
335232,4,1,1,99,2,2,70,2,4,-1
335249,4,1,1,6,5,1,69,1,2,2
335317,4,1,1,6,7,1,64,2,2,2
335355,4,1,1,6,7,1,48,1,2,2
335416,3,6,1,4,4,1,54,2,2,2
335454,3,1,1,6,7,1,74,2,2,2
335461,4,1,1,4,4,2,28,1,3,-1
335492,3,1,-6,99,7,1,39,1,-6,-1
335508,4,4,-6,2,1,1,57,2,-6,-1
335522,3,1,1,99,5,2,44,1,3,-1
335539,4,2,-7,99,7,2,80,2,-7,-1
335560,4,1,2,6,7,1,31,1,3,2
335621,3,1,1,4,4,2,43,2,2,2
335638,3,1,1,1,1,1,37,2,2,1
335645,4,1,1,6,7,2,80,1,2,2
335652,4,4,1,5,6,2,53,2,3,-1
335683,3,1,-6,99,2,1,65,1,-6,-1
335690,3,1,1,7,7,1,37,1,1,2
335713,4,6,1,4,2,2,48,1,1,1
335744,4,1,1,5,3,2,56,1,1,1
335775,4,1,-6,6,7,2,40,1,-6,-1
335782,4,1,-6,4,1,2,34,1,-6,-1
335812,3,3,1,99,5,2,32,2,2,2
335836,4,1,1,6,5,2,30,2,4,1
335935,3,1,1,3,3,1,34,2,3,-1
335966,4,1,1,4,1,1,80,2,2,1
335980,3,4,1,4,2,2,46,1,4,1
336006,4,1,1,5,5,1,64,1,2,2
336051,4,1,1,2,2,2,44,2,4,1
336082,4,1,1,99,1,2,38,1,3,1
336105,4,1,1,99,2,1,76,2,2,1
336150,4,1,1,3,5,1,42,1,2,1
336174,4,1,1,6,6,2,24,1,3,-1
336204,4,6,1,4,4,2,28,1,3,1
336235,3,1,1,4,7,2,52,1,4,1
336259,4,3,1,6,7,2,32,1,1,2
336327,3,1,1,4,6,2,62,2,3,2
336365,4,1,1,2,1,1,41,1,1,1
336402,4,6,1,3,2,1,19,1,2,-1
336419,4,1,1,2,1,1,74,1,1,1
336426,3,1,1,99,6,1,40,2,4,2
336440,4,1,1,3,3,1,26,1,2,5
336457,4,2,-6,99,2,2,52,2,-6,-1
336495,4,6,1,7,7,1,46,2,1,2
336501,4,1,1,2,1,1,41,2,3,1
336549,4,1,2,99,7,2,24,2,2,-1
336617,3,4,1,6,5,1,46,2,2,2
336624,4,1,1,99,6,2,34,2,2,2
336662,4,1,1,2,1,1,76,1,1,1
336730,4,1,2,6,7,1,71,2,2,2
336792,4,1,1,6,7,1,52,2,1,2
336846,4,1,1,99,7,2,78,2,2,2
336853,3,1,1,4,2,1,56,2,3,1
336938,3,1,1,2,3,2,-9,2,2,1
336976,4,6,1,3,4,2,38,1,3,-1
337016,3,2,2,99,1,1,63,1,1,1
337030,3,1,1,7,7,1,65,1,1,2
337122,4,1,1,5,7,2,44,1,4,-1
337146,4,1,1,6,5,1,62,2,2,2
337177,3,1,1,3,4,2,29,2,2,1
337191,3,3,-6,99,2,2,38,2,-6,-1
337283,4,1,-6,2,1,2,34,2,-6,-1
337306,3,1,1,4,3,2,56,1,2,1
337337,3,1,1,2,1,2,55,1,1,1
337344,3,1,-6,7,5,1,67,1,-6,-1
337368,4,6,1,1,1,1,34,2,2,1
337399,3,1,1,5,2,1,80,2,1,2
337405,4,1,1,99,6,2,30,2,3,2
337467,3,1,1,99,7,2,55,2,4,2
337474,4,1,1,1,2,2,30,1,2,1
337504,4,1,1,2,1,1,66,2,1,1
337566,3,1,1,2,3,1,31,1,2,1
337580,3,1,1,2,3,2,41,2,1,1
337658,4,1,1,1,1,2,71,2,1,1
337665,3,1,1,1,3,2,60,1,2,1
337672,3,1,1,5,7,2,58,1,2,2
337696,4,1,1,4,6,2,36,1,3,1
337726,4,1,1,3,1,2,60,2,1,1
337764,3,1,-6,7,7,1,-9,2,-6,-1
337849,4,6,1,99,4,-9,-9,2,2,-9
337863,3,1,1,2,1,2,77,2,2,1
337870,4,1,-7,4,4,2,28,1,-7,-1
337887,4,1,1,4,5,1,40,1,2,2
337924,3,1,1,6,6,1,61,2,2,2
338019,3,2,2,4,4,1,45,1,4,1
338057,3,1,1,6,7,2,21,2,2,2
338071,4,1,1,4,4,1,27,1,3,1
338125,3,1,1,1,1,2,28,2,2,1
338170,4,2,1,6,7,1,37,2,2,2
338231,4,1,2,4,6,2,24,2,2,-1
338255,3,1,1,4,4,1,72,2,1,1
338262,4,1,1,4,5,1,60,2,4,1
338286,3,1,1,4,5,1,29,2,3,5
338316,3,1,1,4,3,2,70,1,1,1
338354,3,1,1,2,3,1,65,2,1,1
338385,3,1,1,2,1,1,60,1,2,1
338415,3,1,1,2,2,2,64,1,3,1
338460,3,1,2,4,5,2,61,2,3,-1
338477,4,1,1,99,3,2,62,1,1,1
338507,4,1,1,4,1,2,70,1,2,1
338552,4,1,1,99,7,1,40,2,4,2
338576,3,2,1,99,2,1,36,2,2,1
338583,3,4,-6,5,6,2,41,1,-6,2
338590,3,1,1,3,3,2,68,2,1,1
338613,3,1,1,4,5,1,56,2,3,2
338637,4,6,1,4,4,1,29,2,2,-1
338644,4,1,1,5,6,1,58,1,1,2
338705,4,2,1,5,1,1,-9,2,2,1
338736,3,1,-7,7,6,1,80,1,-7,-1
338743,4,1,1,1,1,2,25,2,1,1
338804,4,2,1,2,1,1,72,2,1,1
338811,4,1,1,99,7,2,47,1,2,2
338866,3,3,-6,3,2,1,50,1,-6,-1
338873,4,1,-6,3,2,1,53,1,-6,-1
338897,3,1,1,6,7,2,50,2,3,-1
338927,4,1,2,99,7,1,46,1,2,-1
338941,4,1,1,5,6,2,60,1,2,2
338958,4,1,1,6,7,1,66,-9,2,2
338989,4,3,1,4,4,2,26,2,2,-1
339029,3,1,1,6,6,2,71,2,3,2
339036,3,6,1,7,7,1,40,2,1,1
339050,4,1,1,7,7,2,75,1,1,2
339104,3,1,1,4,2,2,49,2,3,-1
339128,3,1,1,99,5,1,57,1,2,2
339203,4,1,-6,2,3,2,36,1,-6,-1
339210,3,3,2,99,4,2,29,2,-5,-1
339258,3,1,1,1,1,2,57,1,2,1
339265,4,1,1,6,7,1,57,2,3,2
339272,3,1,1,99,7,1,36,2,2,2
339296,3,1,1,6,7,1,74,2,2,2
339319,3,1,1,7,7,1,63,2,2,2
339340,4,1,1,6,6,2,42,2,4,2
339364,4,4,1,99,4,1,-9,2,2,1
339425,4,1,1,99,4,1,28,2,3,-1
339456,3,1,1,4,3,1,69,2,2,1
339470,3,1,1,3,1,2,56,2,1,1
339531,4,2,1,3,1,2,23,2,2,1
339555,3,1,2,99,1,2,62,1,2,1
339562,4,1,1,6,7,1,58,1,1,2
339623,3,1,-6,2,1,2,23,1,-6,-1
339746,4,6,1,2,3,2,34,1,2,4
339753,4,1,-6,7,7,2,62,1,-6,-1
339807,3,4,-6,4,1,2,28,1,-6,-1
339821,4,1,1,5,6,2,54,2,3,1
339869,4,1,1,99,4,1,-9,1,2,2
339944,4,2,2,99,1,2,20,1,4,1
339975,4,1,-6,99,5,1,76,1,-6,-1
339982,3,1,1,5,1,2,54,2,3,1
340005,4,1,1,3,2,2,71,1,2,1
340043,3,6,1,99,7,1,20,2,1,-1
340050,4,1,1,4,3,2,44,1,1,1
340173,4,2,1,99,2,1,-9,2,2,1
340180,4,3,2,5,6,2,30,1,4,2
340197,4,-9,1,6,5,-9,-9,-9,2,2
340227,4,1,-6,6,2,1,43,2,-6,-1
340234,4,1,1,4,7,2,-9,1,3,-1
340258,4,1,2,5,6,2,58,1,2,2
340265,3,1,1,3,1,1,75,1,1,1
340272,4,2,1,99,1,1,58,2,4,1
340302,3,1,1,6,7,2,71,1,2,2
340319,4,1,1,6,7,1,64,2,1,2
340326,4,2,1,99,2,1,-9,1,3,-1
340364,3,1,1,4,3,2,66,2,2,1
340371,3,1,1,4,3,2,44,2,2,1
340425,4,1,1,3,3,1,-9,2,3,1
340449,4,1,1,2,1,1,75,2,1,1
340463,3,1,-6,4,2,1,38,2,-6,-1
340517,3,1,1,5,7,2,26,1,2,2
340531,3,1,1,6,7,1,69,1,2,2
340555,3,1,1,99,4,1,51,2,2,1
340579,3,1,-6,1,3,2,53,1,-6,-1
340593,4,3,1,3,4,2,29,2,2,2
340609,4,1,1,6,7,1,46,1,2,2
340647,4,3,2,4,4,2,30,1,3,-1
340722,4,1,1,4,3,1,33,1,2,-1
340739,4,2,1,99,1,1,65,2,2,1
340784,3,1,1,6,7,2,72,1,2,2
340807,4,1,1,2,1,2,31,1,1,1
340821,3,1,1,6,7,1,80,2,2,2
340890,3,3,2,4,5,1,39,2,4,2
340906,4,1,1,4,4,2,35,2,2,-1
340982,3,1,1,4,6,1,26,1,2,1
341008,3,3,1,99,3,2,37,1,1,1
341022,3,1,1,99,7,1,80,2,2,2
341039,4,1,1,2,1,2,34,2,2,1
341060,4,1,1,4,1,1,66,1,1,1
341077,3,2,1,99,4,2,36,-9,-9,2
341145,3,2,-6,2,4,2,34,1,-6,-1
341183,4,2,1,5,3,1,63,2,2,1
341190,3,3,-6,1,1,1,29,2,-6,-1
341213,3,1,1,6,7,1,60,2,1,2
341220,3,5,-6,4,-9,1,-9,-9,-6,-1
341244,4,1,1,99,7,1,73,1,2,2
341251,4,1,-6,6,7,2,25,1,-6,-1
341299,3,1,1,4,4,2,55,1,1,1
341305,4,2,1,6,1,2,27,2,2,1
341336,3,4,1,3,2,2,22,1,2,1
341343,4,1,1,99,1,2,77,2,4,1
341381,3,-9,1,99,4,2,26,2,2,1
341404,4,1,-6,2,1,2,19,2,-6,-1
341428,4,-9,-6,99,6,-9,-9,-9,-6,-1
341442,4,1,-7,6,6,1,76,2,-7,-1
341473,4,1,1,6,5,2,60,2,1,2
341503,4,1,1,99,7,1,64,1,-5,2
341527,4,3,1,99,4,2,19,2,4,1
341558,3,6,1,4,4,1,42,2,3,2
341596,3,1,2,5,6,1,80,2,2,2
341602,4,2,1,99,1,1,65,2,2,1
341671,3,1,-6,2,2,2,57,1,-6,-1
341695,4,1,-6,6,5,1,-9,1,-6,-1
341701,4,1,1,2,1,1,80,1,1,1
341718,3,1,1,5,6,2,39,1,2,2
341725,3,1,1,7,7,2,76,1,2,2
341732,4,2,1,4,1,1,44,1,2,1
341749,3,3,2,4,4,1,29,2,2,-1
341770,4,1,1,6,7,1,59,2,2,2
341787,3,1,1,2,3,2,37,1,3,1
341800,3,1,1,7,6,1,66,2,1,2
341831,3,1,1,6,5,1,71,1,3,2
341886,4,1,1,3,2,1,35,1,3,1
341923,4,1,1,6,6,2,47,2,2,2
341930,4,3,1,6,7,1,40,2,4,-1
341954,4,1,1,99,7,2,80,1,2,-1
341992,3,6,1,7,7,2,19,1,1,2
342025,3,3,1,4,4,2,19,1,1,1
342056,3,3,1,4,4,1,38,2,3,2
342063,3,1,1,5,5,1,73,2,2,2
342070,3,1,1,2,1,1,41,2,2,1
342124,4,1,1,99,4,1,54,2,-5,2
342155,4,1,-6,99,1,2,69,2,-6,-1
342179,3,1,1,3,2,2,22,1,2,1
342186,3,6,1,4,2,2,20,1,2,1
342193,3,1,1,1,1,2,48,2,1,1
342216,4,1,1,2,3,2,72,2,2,1
342247,4,1,2,6,7,2,80,1,4,2
342261,3,1,1,6,6,1,42,1,3,2
342339,4,1,1,4,3,2,26,1,2,-1
342353,3,1,-6,1,1,2,41,2,-6,-1
342360,4,2,2,5,1,2,35,2,4,-1
342414,3,1,2,99,6,2,53,2,4,2
342438,4,1,1,2,1,1,77,1,1,1
342469,3,3,1,3,2,2,25,1,1,-1
342483,3,1,1,6,7,1,66,2,2,2
342544,3,1,1,99,1,1,63,2,4,1
342551,4,1,1,6,7,1,40,2,3,-1
342698,4,5,1,4,4,2,69,2,1,2
342711,3,1,1,3,1,1,48,2,1,-1
342728,3,1,1,4,4,2,29,2,3,2
342742,4,1,1,4,2,1,37,2,3,2
342797,3,2,1,2,1,2,24,2,2,1
342803,3,2,2,99,4,2,28,1,3,-1
342834,4,1,1,3,1,1,-9,2,1,1
342896,4,1,1,2,1,2,37,1,1,1
342902,4,1,1,2,1,1,68,2,1,-1
342919,3,1,1,4,4,1,70,1,1,2
342940,4,1,1,7,7,1,80,2,1,2
342964,3,1,1,2,1,2,66,2,2,1
343035,4,1,1,2,1,2,46,2,1,1
343066,3,3,1,99,1,2,19,2,2,-1
343097,4,-9,1,1,1,2,-9,1,2,1
343127,4,3,1,4,4,2,60,1,3,1
343134,4,1,1,3,1,2,57,2,2,1
343158,4,1,1,2,1,1,58,2,3,1
343196,3,1,1,7,7,1,76,1,1,2
343219,3,1,1,4,7,2,80,1,2,-1
343226,4,1,-6,99,4,2,22,2,-6,-1
343257,4,1,1,2,1,2,75,2,1,1
343264,4,1,1,4,7,1,58,1,2,2
343288,4,1,1,2,1,2,51,2,2,1
343325,4,3,2,5,3,2,23,1,2,-1
343349,3,1,1,4,3,2,47,2,1,1
343387,4,6,2,5,7,2,73,-9,2,2
343417,4,1,1,5,1,1,48,1,1,1
343479,3,4,1,6,6,1,66,1,3,2
343554,4,1,1,4,5,1,47,2,3,1
343578,3,1,1,6,7,1,67,2,2,2
343585,4,2,1,99,1,2,62,1,2,1
343592,4,1,1,3,2,1,40,2,2,1
343622,4,1,1,5,6,1,41,2,1,3
343646,4,1,1,6,7,1,74,2,1,2
343660,3,1,1,3,3,1,38,2,1,1
343707,3,1,1,2,1,2,65,1,2,1
343745,4,2,1,99,1,1,46,1,4,1
343769,3,1,1,6,7,1,35,2,2,2
343776,4,1,1,6,7,1,71,2,2,2
343783,4,2,1,4,2,1,51,2,2,1
343806,4,1,1,99,6,2,-9,2,4,-1
343813,4,1,-7,2,1,1,80,2,-7,-1
343882,4,1,1,3,1,1,-9,2,2,1
343981,3,1,1,99,1,1,52,2,2,1
343998,3,2,2,99,4,2,62,2,4,-1
344014,4,1,1,2,2,2,39,2,2,1
344083,3,1,1,3,1,1,74,2,1,1
344090,4,1,1,2,1,2,19,1,2,1
344113,3,1,1,3,3,2,70,2,1,1
344168,4,6,1,5,5,2,28,1,2,1
344267,3,1,1,5,6,1,56,2,2,2
344373,4,1,1,2,1,2,62,1,1,1
344380,4,1,1,1,2,1,27,1,1,1
344397,4,1,1,5,6,1,45,2,1,2
344496,4,1,1,6,7,1,24,1,3,2
344533,4,1,1,3,3,2,65,1,2,1
344540,3,1,1,5,7,1,76,2,1,2
344564,3,2,1,6,1,1,19,1,2,-1
344649,3,1,1,3,3,2,39,2,2,2
344724,4,1,-6,7,7,2,65,1,-6,-1
344779,4,1,1,2,3,1,36,1,2,1
344786,4,1,1,4,5,2,45,2,2,2
344793,3,1,1,2,1,2,69,2,2,1
344816,3,1,1,4,6,2,21,1,2,1
344878,4,3,2,99,4,1,46,2,4,-1
344885,3,1,1,5,6,1,44,2,2,2
344892,3,1,1,2,1,2,60,1,2,1
344908,4,4,1,3,3,1,67,2,2,2
344915,4,1,1,5,4,1,77,1,2,1
344922,3,1,1,7,6,1,57,2,2,2
344939,4,4,2,4,1,2,37,2,3,-1
344977,4,1,1,6,7,1,71,1,1,2
344991,4,1,2,4,1,2,28,2,2,-1
345017,4,1,1,5,6,2,49,1,2,2
345062,3,1,1,4,3,-9,57,2,2,1
345079,4,4,1,5,2,2,49,1,2,2
345093,3,1,1,4,4,1,70,1,2,-1
345109,4,3,-6,4,1,2,32,2,-6,-1
345123,4,3,1,5,5,2,77,1,2,2
345178,4,1,1,4,3,1,47,2,1,1
345208,4,1,1,3,1,1,80,1,1,1
345215,4,1,1,6,7,1,30,2,4,2
345253,4,-9,1,99,2,2,33,1,4,-1
345260,4,1,1,4,4,2,61,1,2,1
345321,4,4,1,4,4,2,29,2,3,2
345352,4,1,1,4,3,2,65,1,2,1
345475,3,1,1,2,2,2,28,2,3,1
345512,4,3,1,5,5,2,36,1,2,1
345536,3,1,1,99,2,2,71,1,2,-1
345567,3,6,1,4,1,1,35,1,2,1
345574,4,1,1,4,2,2,50,2,1,1
345581,3,1,1,2,1,2,-9,2,2,1
345598,3,1,2,4,6,2,-9,2,3,-9
345611,3,1,1,6,7,1,68,2,1,2
345642,3,1,1,4,5,2,-9,2,3,2
345659,3,1,1,7,7,1,55,2,2,2
345680,3,2,-6,5,3,1,26,-9,-6,-1
345802,4,1,1,7,7,2,60,2,2,2
345840,4,1,2,99,6,2,39,2,2,1
345857,3,2,1,3,1,1,51,2,1,1
345871,4,1,1,4,4,2,55,2,2,1
345901,4,1,1,4,2,2,58,1,2,1
345918,4,1,1,5,4,1,70,1,1,3
345949,3,1,1,2,2,2,27,2,3,1
345956,3,1,1,4,7,1,52,2,4,-1
345970,4,3,1,6,6,2,28,1,-5,2
345987,4,1,1,7,7,1,40,1,2,2
346041,3,1,1,99,5,2,38,2,2,1
346065,3,1,1,3,3,2,46,1,1,1
346102,4,1,1,2,1,2,33,2,2,1
346133,3,2,1,4,1,-9,69,2,2,1
346157,3,1,1,5,5,2,44,2,2,2
346164,3,5,1,4,5,1,53,1,1,2
346249,4,2,1,99,1,1,71,2,2,1
346270,4,2,1,2,1,1,67,2,2,1
346294,3,1,1,5,5,2,59,2,2,-9
346300,4,1,1,1,1,2,67,2,2,1
346324,4,1,1,3,3,2,26,1,2,-1
346331,3,1,1,3,6,1,43,2,3,1
346430,3,5,1,99,4,2,51,1,3,-1
346461,4,3,1,4,1,1,35,2,2,-1
346492,4,1,1,3,3,1,72,1,1,1
346515,3,1,1,7,7,1,66,1,1,2
346539,3,2,1,99,1,1,50,2,3,1
346584,4,3,-6,99,2,1,70,2,-6,-1
346591,4,4,1,4,2,2,41,2,3,1
346638,4,1,-6,3,5,2,36,1,-6,-1
346652,4,5,1,4,4,2,25,2,4,-1
346669,4,1,1,6,6,1,46,2,3,2
346706,4,1,-6,7,7,1,35,2,-6,-1
346744,3,6,-6,2,2,1,57,1,-6,-1
346751,4,-9,1,6,5,1,50,1,3,1
346799,4,1,1,99,5,1,41,2,3,2
346812,3,4,1,99,4,2,45,2,3,1
346843,3,1,1,6,7,2,69,1,2,2
346874,3,1,-6,99,6,2,21,1,-6,-1
346881,4,1,1,5,6,2,80,1,1,1
346911,3,1,1,4,2,1,39,2,2,1
346928,3,1,1,6,5,2,-9,1,2,-1
347044,4,6,1,6,4,2,38,1,1,2
347082,4,1,1,3,1,2,38,1,4,1
347105,3,6,1,2,1,2,41,1,1,1
347136,4,3,1,99,5,2,26,2,3,1
347167,4,2,2,99,2,1,40,2,4,1
347228,4,1,1,5,5,1,-9,1,3,2
347235,3,1,1,6,7,1,51,1,2,2
347242,3,1,1,2,1,2,46,1,2,1
347280,4,1,1,4,1,2,64,1,2,1
347297,4,-9,1,4,2,2,-9,2,2,1
347303,4,3,1,5,6,1,35,1,2,-1
347372,4,1,-6,99,7,1,62,2,-6,2
347396,4,2,1,4,1,1,70,2,2,1
347464,4,1,1,2,2,1,50,1,1,1
347488,4,1,1,6,7,1,67,2,2,2
347495,4,-9,-6,-9,-9,-9,-9,-9,-6,-1
347501,4,1,1,3,1,2,73,1,2,1
347518,3,6,1,2,1,1,33,2,3,-1
347525,4,2,1,2,3,2,31,2,-5,-1
347556,4,4,1,2,1,2,20,1,2,1
347570,3,-9,1,99,2,-9,-9,-9,3,1
347587,3,1,1,6,7,1,55,2,2,-9
347648,4,2,-6,5,3,1,50,2,-6,-1
347662,3,1,1,2,1,1,70,1,1,1
347686,4,1,1,6,7,1,39,2,1,2
347754,3,1,1,6,7,2,51,2,1,2
347778,4,1,2,99,4,2,61,2,4,-1
347808,4,1,1,2,3,2,23,2,1,-1
347853,4,1,1,5,7,1,32,1,3,2
347891,3,1,1,5,5,1,69,1,2,2
347914,3,1,2,99,4,2,57,1,4,-1
347945,4,1,-6,6,7,1,44,1,-6,-1
347983,4,1,1,2,1,2,23,2,2,1
348009,4,1,1,4,6,1,51,1,2,-1
348016,3,1,1,5,6,2,38,1,3,2
348023,4,1,1,6,7,1,73,1,1,2
348030,4,1,1,2,1,2,69,1,1,1
348061,4,6,1,4,4,1,37,1,1,1
348085,3,1,1,99,4,2,46,1,3,1
348092,3,1,1,6,7,1,73,2,2,2
348122,4,1,1,6,7,1,-9,2,1,2
348153,4,1,-6,99,4,1,73,2,-6,-1
348160,4,1,1,2,4,2,65,2,2,1
348207,3,1,1,4,3,2,34,2,1,2
348221,3,1,1,2,2,2,28,2,3,1
348238,3,1,1,6,5,2,27,2,3,2
348252,3,4,-7,99,5,2,55,1,-7,2
348283,4,4,1,2,1,2,55,2,2,1
348306,3,1,1,3,3,2,65,2,1,1
348351,4,1,1,6,7,2,71,1,1,2
348368,3,2,1,99,1,2,54,2,3,1
348405,3,1,1,6,5,1,50,1,2,2
348511,3,1,1,5,7,2,74,1,2,2
348542,3,1,1,99,4,1,53,2,4,-1
348580,3,1,1,3,1,2,29,1,1,1
348603,3,1,1,3,1,2,72,1,1,1
348658,4,1,1,5,7,2,-9,1,3,2
348665,4,4,1,99,4,1,48,2,1,1
348696,4,3,1,99,4,2,69,2,4,1
348726,3,1,1,4,4,2,36,2,2,-1
348764,3,1,1,6,6,1,-9,2,2,2
348771,3,4,1,3,2,2,26,1,1,1
348795,4,5,1,1,3,2,23,2,4,1
348818,3,1,1,99,7,1,60,1,1,2
348825,4,1,2,4,6,1,54,1,-9,-1
348849,4,1,1,3,2,2,27,1,1,1
348856,4,1,1,4,4,1,45,1,4,2
348924,3,1,1,2,1,1,69,1,1,1
348948,4,1,1,4,3,1,30,1,4,1
348955,4,1,1,99,1,2,80,2,3,1
348979,4,1,1,5,7,2,65,1,1,2
348993,4,1,1,2,4,2,76,2,1,2
349002,3,4,1,2,1,2,39,2,1,-1
349019,4,1,1,6,7,1,60,2,3,2
349057,3,3,1,99,4,1,40,1,3,5
349071,3,3,2,2,3,2,37,2,2,-1
349088,3,1,1,2,3,2,42,2,4,5
349118,3,1,1,2,1,1,63,1,2,1
349163,3,1,1,4,7,2,54,2,2,2
349187,3,2,1,99,1,2,25,2,4,1
349194,3,2,1,99,2,1,29,2,3,5
349200,4,1,1,1,3,2,25,1,1,1
349224,4,1,1,2,1,2,73,2,1,1
349255,4,3,1,99,4,2,22,2,3,-1
349262,3,1,1,6,7,2,80,1,1,2
349316,4,1,1,2,2,1,36,1,1,1
349323,4,1,1,4,1,2,39,2,2,1
349408,4,1,1,2,2,2,35,1,1,1
349415,4,1,1,2,1,2,25,1,1,1
349446,4,1,1,3,2,2,29,2,4,1
349491,3,1,1,7,7,1,48,2,3,2
349514,4,5,1,4,5,1,64,2,1,2
349576,4,1,1,6,6,2,80,1,2,2
349590,4,1,-6,7,7,1,80,2,-6,-1
349606,4,1,1,2,1,2,65,2,1,1
349620,3,6,1,99,4,2,56,2,3,-1
349644,4,1,1,6,7,1,39,2,2,2
349668,3,3,-6,5,1,1,58,2,-6,-1
349699,4,1,1,99,6,2,56,2,2,2
349705,3,1,1,5,5,1,65,1,2,2
349729,4,1,2,2,1,1,80,2,2,1
349736,3,1,1,7,7,1,48,2,2,2
349798,4,1,1,4,4,2,65,2,3,1
349842,4,1,1,6,6,1,30,2,2,2
349880,4,1,-7,6,2,2,80,2,-7,2
349910,3,6,1,5,6,1,39,1,2,2
349941,3,2,1,3,1,2,22,1,1,1
350002,3,4,2,99,4,2,69,1,2,-1
350019,3,1,1,7,4,2,46,1,4,-1
350033,3,4,1,4,4,1,37,2,2,1
350040,3,1,1,6,5,2,-9,2,2,2
350057,4,1,1,1,1,2,31,1,2,1
350101,3,1,1,7,7,1,65,2,2,2
350125,3,1,1,6,5,1,67,1,2,2
350156,4,1,1,3,1,2,80,1,1,1
350163,3,1,1,5,6,2,57,2,2,2
350194,4,1,1,3,1,2,56,1,2,1
350200,4,1,1,99,3,2,31,2,3,1
350262,3,1,1,5,5,2,44,1,1,1
350286,4,5,2,3,1,2,33,1,2,1
350309,3,1,-6,4,3,1,73,2,-6,-1
350316,3,1,1,1,1,2,70,2,1,1
350323,4,1,1,6,7,1,39,2,4,2
350347,4,3,2,4,2,1,62,2,2,-1
350354,4,1,1,6,7,2,45,2,3,2
350385,3,1,1,4,3,2,18,1,2,-1
350392,4,1,1,1,2,2,22,2,1,1
350453,3,1,-6,3,3,2,29,1,-6,1
350552,3,1,1,6,7,2,24,2,3,2
350576,3,-9,-6,4,4,2,56,-9,-6,-1
350590,4,1,1,4,6,2,33,2,1,2
350606,3,1,1,2,1,2,55,2,2,1
350620,4,1,1,7,7,1,34,1,2,2
350675,3,1,1,3,1,1,70,2,2,1
350729,4,1,1,5,7,2,60,2,1,2
350767,4,1,1,4,5,1,35,1,2,2
350781,3,2,1,6,1,1,41,1,3,1
350804,3,1,1,6,7,2,48,1,1,2
350842,3,1,1,6,7,2,51,1,1,2
350859,3,1,1,4,6,2,53,2,4,2
350897,4,1,1,4,6,1,80,1,3,-1
350934,4,1,1,5,6,2,34,2,3,2
350965,4,5,1,5,6,2,65,1,3,1
350989,3,1,-7,7,7,2,65,1,-7,-1
351043,3,1,1,2,1,1,58,2,1,1
351050,3,1,1,5,5,1,75,2,2,2
351074,3,1,1,6,5,2,42,2,2,2
351081,4,1,1,5,6,1,34,1,2,2
351098,4,5,2,99,1,1,50,1,2,1
351135,3,1,1,3,3,2,40,1,1,1
351166,3,1,1,4,4,2,71,1,2,1
351180,4,1,1,2,3,2,53,1,3,1
351210,3,1,-6,4,7,1,62,1,-6,-1
351234,3,6,1,99,2,2,43,1,2,1
351296,3,2,1,4,1,1,64,2,1,1
351319,3,3,1,2,1,2,47,2,3,5
351326,4,1,1,7,7,1,58,1,3,2
351333,3,1,1,7,7,1,52,2,4,2
351340,4,1,1,4,7,1,61,2,1,2
351470,3,1,1,4,4,1,80,1,1,-1
351494,4,1,1,6,7,1,63,2,2,2
351524,3,1,-6,4,1,2,64,2,-6,-1
351562,4,1,-6,4,5,1,38,2,-6,-1
351586,4,1,1,4,7,1,57,2,3,-1
351593,3,1,1,7,7,1,71,1,2,2
351630,3,1,1,4,2,2,32,2,1,1
351647,4,1,1,1,7,1,70,2,2,2
351678,3,1,1,5,3,2,40,1,2,1
351685,4,1,1,3,6,1,66,1,3,2
351708,3,1,1,6,6,1,33,2,3,-1
351722,4,3,-6,99,4,2,33,1,-6,-1
351753,3,3,1,4,1,1,65,2,1,1
351777,4,1,1,99,7,2,58,2,1,2
351784,4,1,1,2,3,2,40,1,2,1
351807,4,1,1,6,4,2,53,1,3,-9
351838,4,1,1,1,1,2,70,2,1,1
351906,3,1,1,4,6,2,35,2,3,-1
351913,4,1,1,7,7,1,74,1,3,2
351944,3,1,1,7,7,1,49,1,2,2
351951,4,1,-6,99,5,2,48,2,-6,-1
352008,4,1,1,99,4,1,79,1,2,-9
352015,4,1,1,6,6,2,33,1,2,2
352022,3,1,2,6,7,1,60,2,2,2
352039,4,1,1,4,6,2,67,1,2,2
352077,4,1,1,6,6,1,43,2,3,2
352107,4,1,1,6,7,1,-9,2,2,2
352138,3,2,1,99,1,1,75,2,2,1
352145,3,1,-6,5,5,1,80,2,-6,-1
352176,4,1,1,5,6,2,60,2,3,-1
352183,4,1,1,3,1,2,33,2,3,1
352206,4,1,1,6,5,2,59,2,2,2
352220,4,1,1,4,4,2,27,1,2,1
352244,3,3,2,5,7,1,67,1,-5,1
352251,3,1,-6,7,7,1,35,2,-6,-1
352305,3,1,1,6,3,2,50,1,3,1
352343,4,1,1,6,7,1,74,2,2,2
352374,4,1,1,6,5,1,37,2,2,2
352398,4,2,1,4,5,1,41,2,-5,1
352404,4,1,1,3,2,1,76,1,2,1
352428,4,4,1,4,4,1,51,2,4,-1
352435,4,1,-6,6,7,2,35,1,-6,-1
352442,3,1,1,2,1,1,76,1,1,1
352459,4,1,1,6,6,1,73,2,1,2
352473,4,1,1,99,6,1,36,2,3,2
352480,4,1,1,99,7,1,58,2,3,2
352541,4,1,1,1,1,2,41,2,1,1
352619,3,1,1,2,3,2,23,2,2,1
352633,4,1,1,1,1,1,50,2,1,1
352664,4,1,1,7,7,1,70,2,1,2
352695,4,2,1,99,1,1,61,1,3,1
352718,4,6,1,6,7,1,44,1,2,2
352725,3,1,1,1,2,1,24,2,1,1
352749,4,1,1,6,5,1,71,2,2,2
352763,3,1,1,4,2,1,45,1,2,2
352787,3,1,1,4,4,2,-9,1,2,1
352848,4,5,2,4,4,1,-9,2,4,5
352855,3,1,1,4,2,1,73,2,2,2
352862,4,1,1,5,5,1,59,1,2,1
352886,4,1,1,2,1,2,21,2,2,-1
352893,4,1,1,7,7,1,41,1,1,2
352909,4,1,1,5,4,2,61,2,2,1
352916,4,1,1,4,7,2,18,1,3,2
352947,4,6,-6,1,3,2,19,2,-6,-1
352961,4,1,1,4,4,1,50,1,2,1
353032,3,3,2,5,6,2,40,1,3,-1
353056,4,4,1,2,1,2,28,2,2,-1
353063,4,2,2,4,1,2,-9,2,4,-9
353124,4,1,1,6,7,2,34,2,2,2
353131,3,3,1,4,2,1,30,2,2,1
353247,3,1,-6,6,7,1,64,2,-6,-1
353292,4,1,1,1,1,2,39,1,3,1
353308,3,1,1,7,7,1,33,2,2,2
353315,4,1,-6,4,5,1,-9,1,-6,-1
353346,3,1,1,99,1,2,72,2,4,1
353353,4,1,1,3,3,2,69,2,2,1
353360,4,1,1,6,7,1,57,1,1,2
353377,4,1,1,3,3,2,72,1,1,1
353384,3,1,1,4,6,1,44,1,2,2
353391,3,1,2,99,7,2,57,2,2,2
353414,4,2,1,99,1,1,67,1,3,1
353421,4,6,1,1,3,2,54,2,1,1
353469,3,1,1,2,1,1,67,1,1,1
353476,3,1,1,2,2,1,72,2,2,1
353513,4,2,1,5,5,2,31,2,3,2
353520,4,1,1,6,7,1,69,2,1,2
353544,3,1,1,3,2,1,33,2,2,1
353551,3,1,1,5,5,2,57,2,1,2
353643,4,1,2,5,5,2,46,1,4,2
353667,3,1,1,5,1,1,73,1,2,1
353681,3,1,1,4,7,1,64,2,2,2
353704,4,1,1,99,4,1,18,1,3,-1
353711,3,1,1,6,6,1,66,1,2,-1
353773,4,1,1,6,5,1,36,2,1,2
353780,3,2,1,2,1,2,64,2,3,1
353810,3,3,1,1,1,2,45,1,1,1
353834,4,3,2,2,1,1,41,2,2,1
353902,4,1,1,2,3,2,29,2,3,-1
353926,3,1,1,2,1,1,53,1,2,1
353933,3,1,1,6,5,1,65,2,1,-1
353957,3,1,1,3,3,2,62,1,3,1
353988,3,1,1,6,7,1,79,1,1,2
354004,3,1,2,99,2,2,62,2,3,2
354035,3,1,1,2,2,2,73,2,2,1
354073,3,1,1,6,6,1,64,1,2,2
354097,4,1,-6,6,5,1,70,1,-6,-1
354134,4,3,1,5,3,2,52,2,2,1
354158,3,1,-6,99,3,2,20,2,-6,-1
354189,4,1,1,4,1,2,54,1,1,2
354196,4,1,1,5,6,2,41,2,2,2
354202,4,2,1,99,3,2,72,1,1,1
354219,3,1,1,3,2,1,29,2,3,1
354240,3,1,1,4,3,2,43,1,3,1
354288,3,4,1,3,4,2,31,1,2,1
354301,4,1,1,2,1,1,69,2,3,1
354318,4,3,1,2,1,2,39,2,2,1
354332,4,2,1,3,1,1,71,2,1,1
354363,3,3,1,99,1,2,43,2,2,1
354394,4,1,2,4,4,2,23,2,2,-1
354424,4,1,1,2,1,2,77,1,2,1
354431,3,1,1,1,3,2,47,1,1,1
354448,3,2,1,4,4,2,26,1,1,-1
354462,4,2,1,4,2,1,29,2,2,1
354479,3,1,1,2,2,2,30,1,1,1
354547,3,1,-6,99,7,1,80,2,-6,-1
354592,4,1,1,2,1,2,43,1,1,1
354684,4,1,1,6,6,1,50,1,2,2
354691,3,6,-6,99,1,1,28,2,-6,-1
354707,3,1,-7,99,6,2,41,-9,-7,-1
354752,4,1,2,5,6,2,46,2,3,2
354820,4,1,-7,2,2,2,39,1,-7,-1
354844,4,1,1,4,5,2,64,2,2,-1
354851,4,2,1,4,2,1,44,1,3,1
354868,3,6,1,2,1,2,30,2,2,1
354875,4,1,1,1,3,2,27,1,1,1
354882,4,3,1,99,4,2,53,2,3,-1
354899,4,1,1,5,5,1,68,1,2,2
354905,4,1,1,6,5,1,66,2,3,2
354929,4,1,1,6,7,1,26,1,3,2
354943,4,1,1,4,4,2,47,1,1,1
354950,4,1,1,2,1,2,75,2,2,1
354967,4,6,1,4,3,1,43,2,2,-1
354974,4,1,1,6,7,1,65,2,2,2
355014,3,2,-6,4,4,2,60,1,-6,-1
355045,4,3,2,3,4,2,39,2,3,-1
355069,3,1,1,2,3,2,56,2,3,1
355151,4,1,1,6,5,1,80,2,1,2
355168,4,1,2,99,4,1,-9,2,4,-1
355182,4,1,1,99,1,2,40,2,3,1
355267,4,1,2,4,2,1,40,2,2,2
355298,3,2,1,2,1,1,33,2,2,1
355335,4,4,1,2,1,1,24,2,-9,1
355359,3,1,-6,3,1,2,49,1,-6,-1
355373,4,2,1,4,1,1,80,1,4,1
355397,3,1,1,4,4,1,57,2,4,2
355403,4,-9,1,99,4,2,-9,2,2,-1
355427,3,1,1,7,7,1,71,2,1,2
355434,4,1,2,99,4,2,37,1,4,-1
355441,3,1,-6,2,1,2,74,2,-6,-1
355458,3,1,2,99,4,1,18,2,4,-1
355472,4,1,1,1,1,2,28,1,1,4
355519,4,1,1,3,1,1,60,2,2,1
355540,4,1,1,4,5,2,38,1,3,-1
355557,4,1,1,2,1,2,41,2,3,1
355564,4,2,1,99,1,2,65,2,2,1
355571,3,1,1,6,5,2,67,1,2,2
355618,4,2,2,99,-9,1,-9,1,3,1
355632,3,1,1,4,1,2,66,1,2,1
355656,4,2,1,3,1,2,46,1,2,1
355687,4,4,1,99,7,1,40,2,2,2
355786,3,1,-6,7,7,2,56,2,-6,-1
355809,4,1,1,4,4,1,-9,2,4,2
355816,4,3,1,2,2,2,73,1,2,1
355830,4,3,2,3,2,2,71,2,3,-1
355878,3,1,1,5,1,1,80,1,3,1
355892,4,6,-6,5,5,1,51,2,-6,-1
355908,3,6,1,1,3,1,34,2,2,1
355915,4,1,-7,5,7,1,-9,2,-7,-1
355922,4,1,1,4,2,2,27,2,2,1
355946,4,1,-6,99,4,2,-9,1,-6,-1
355977,4,1,1,5,5,1,22,1,4,1
355991,3,1,1,4,6,2,48,1,3,2
356048,4,1,1,5,6,1,28,2,3,2
356062,4,1,1,4,7,2,79,1,2,2
356123,4,1,1,6,7,1,31,1,1,2
356147,4,2,1,3,1,1,70,1,1,1
356192,4,1,-6,6,5,1,58,1,-6,-1
356208,3,1,1,6,7,1,80,2,2,2
356215,3,1,1,3,3,2,55,2,2,1
356253,3,2,1,4,1,1,60,1,3,1
356277,4,1,1,7,5,1,57,1,1,2
356284,3,1,1,6,7,1,68,1,2,2
356321,4,1,1,6,7,1,73,2,2,2
356406,3,1,1,5,7,1,75,2,1,2
356413,3,1,1,4,3,2,27,2,2,1
356437,4,1,-6,99,7,-9,76,1,-6,-1
356444,3,3,1,3,2,1,20,2,3,1
356451,4,1,1,1,2,2,32,2,2,1
356475,4,1,1,4,7,2,37,1,4,2
356505,4,6,1,5,4,2,-9,2,3,-1
356512,4,1,1,3,1,2,78,1,4,1
356529,3,3,1,99,4,2,53,1,1,1
356550,4,3,1,99,4,1,26,2,4,1
356666,4,5,-6,3,4,1,64,1,-6,-1
356765,4,2,-6,99,2,1,60,2,-6,1
356789,3,1,1,2,2,2,55,1,1,1
356819,4,1,1,4,3,2,20,1,4,1
356833,4,1,1,6,7,2,58,2,2,2
356840,4,1,1,6,6,1,75,2,2,2
356864,3,1,-6,6,6,1,63,2,-6,-1
356871,3,1,1,6,7,1,65,1,2,2
356901,4,1,-6,5,5,2,31,1,-6,-1
356925,4,1,1,6,7,1,50,1,2,2
356956,4,3,1,99,4,1,67,1,3,3
356963,4,5,1,4,5,2,60,1,1,2
356970,3,1,1,6,6,1,80,1,1,2
356994,4,1,2,99,3,2,64,1,4,1
357003,4,6,1,2,1,2,24,2,2,1
357010,4,1,1,4,4,1,74,2,2,1
357027,3,1,2,4,4,1,60,2,3,1
357072,4,1,1,6,7,1,65,2,3,2
357089,4,2,1,4,1,1,75,2,2,1
357102,3,3,1,2,3,2,30,2,3,1
357157,3,3,1,4,4,2,30,1,2,-1
357201,4,1,1,4,7,2,45,1,2,2
357225,3,1,-6,2,1,2,43,1,-6,-1
357270,3,1,1,3,2,2,60,2,2,1
357287,4,1,1,4,4,1,66,2,3,5
357294,4,1,1,7,5,1,35,2,1,2
357393,4,5,1,4,4,2,40,1,3,1
357416,3,1,1,7,7,2,80,1,2,2
357430,4,1,1,5,6,2,38,1,3,2
357478,3,2,1,6,5,2,60,1,2,-1
357485,4,3,2,4,5,1,26,1,3,-1
357492,4,1,1,6,7,1,60,2,2,2
357522,4,1,1,2,1,2,70,2,2,1
357645,3,6,1,4,2,1,49,1,3,-1
357669,3,6,1,2,4,2,54,1,3,1
357676,4,1,1,99,4,2,43,1,4,2
357683,4,1,1,5,7,1,57,2,2,2
357690,4,1,2,2,4,2,34,2,3,5
357751,4,1,1,2,1,1,65,2,2,1
357775,4,2,1,4,1,1,68,2,3,1
357829,4,1,1,5,7,1,68,2,2,-9
357874,3,2,2,4,6,1,28,1,4,-1
357898,4,1,1,99,1,2,67,2,4,-1
357911,4,1,1,4,3,1,72,2,2,-1
357973,4,1,1,2,1,2,59,1,2,1
358006,3,1,1,4,4,2,46,2,2,2
358037,4,3,1,5,2,2,35,2,2,1
358075,4,2,-6,3,1,2,64,1,-6,-1
358105,4,3,1,99,2,2,49,2,2,1
358112,4,3,1,99,3,2,27,2,3,1
358150,4,6,1,4,2,1,61,2,2,1
358235,3,1,-6,2,1,2,68,2,-6,-1
358242,3,1,1,4,5,1,61,1,2,2
358259,3,1,1,4,3,2,62,2,2,1
358280,3,1,1,2,1,2,55,2,2,1
358310,3,2,2,99,2,2,56,2,3,-1
358327,4,3,1,2,1,1,23,2,2,1
358334,4,3,-6,99,3,1,79,2,-6,-1
358396,3,1,1,99,1,2,80,2,1,1
358440,3,1,1,4,3,2,80,2,2,1
358457,4,3,1,5,1,1,80,1,2,1
358501,3,1,1,2,2,2,39,1,2,1
358525,3,4,1,5,6,1,18,2,4,2
358532,4,2,1,3,4,2,29,2,-5,1
358549,4,3,1,1,1,2,67,2,1,1
358556,3,3,1,4,6,2,68,2,2,1
358570,3,1,1,6,7,1,22,1,4,2
358631,4,3,1,4,5,2,-9,2,2,-1
358648,4,1,1,6,7,2,41,1,2,2
358655,4,3,1,99,2,2,41,2,3,1
358686,4,1,1,4,2,1,36,2,2,-1
358709,3,-9,1,5,7,1,-9,1,3,-9
358747,3,-9,1,2,1,2,-9,2,2,1
358754,4,1,2,6,7,1,30,1,2,2
358761,3,1,1,4,4,2,-9,2,3,1
358792,4,3,-6,4,5,1,20,1,-6,-1
358815,3,1,1,7,7,1,53,1,2,2
358952,4,1,1,4,7,2,47,2,3,2
358976,4,1,1,5,7,2,43,1,3,2
358983,3,6,1,99,2,2,63,2,2,2
359030,4,1,1,6,7,1,22,2,3,-1
359047,3,1,1,6,7,2,80,1,-5,2
359054,3,1,1,2,1,2,73,2,2,1
359085,3,6,1,3,3,2,31,1,2,1
359146,3,1,2,4,3,2,57,1,3,2
359177,4,2,1,99,1,1,71,1,4,1
359207,3,6,1,99,1,1,64,1,1,1
359221,4,1,1,2,1,1,69,2,2,1
359245,4,1,1,6,7,2,67,2,1,2
359283,3,1,1,1,1,2,58,2,1,1
359290,3,1,1,99,4,2,19,2,3,1
359344,4,1,1,3,1,1,42,1,1,-1
359351,3,4,1,3,2,1,24,2,3,-1
359382,4,1,1,6,7,1,77,1,2,2
359467,3,1,1,1,3,2,37,1,1,1
359498,4,1,1,7,7,1,55,1,1,2
359535,4,1,1,4,4,2,69,2,2,2
359580,4,1,1,2,1,1,68,2,1,1
359597,3,1,1,2,1,2,24,2,2,1
359610,4,2,1,5,1,1,59,1,2,1
359627,4,3,2,2,3,1,29,2,4,-1
359634,3,6,-6,5,6,2,-9,2,-6,-1
359702,3,1,1,6,7,1,73,1,2,2
359740,4,1,-6,4,3,1,39,1,-6,-1
359764,4,1,1,99,7,2,-9,2,2,2
359825,4,2,-9,5,1,1,77,2,1,1
359849,3,1,1,5,1,1,-9,1,2,1
359863,3,1,-6,99,7,2,-9,1,-6,-1
359887,3,1,1,7,7,1,53,1,1,2
359894,3,4,1,99,4,2,53,1,2,1
359900,3,1,1,6,7,1,68,1,3,2
359962,3,1,1,2,1,2,40,2,1,1
360030,3,2,1,2,7,1,25,2,4,-1
360061,3,3,1,3,3,2,40,1,2,1
360092,4,1,1,4,4,2,43,2,3,-1
360177,3,5,1,3,1,2,51,1,1,1
360184,3,1,2,99,3,1,57,1,2,1
360207,4,1,1,5,6,1,65,1,3,2
360214,4,1,1,4,5,2,80,2,1,2
360252,3,1,-6,6,7,2,42,1,-6,-1
360290,3,2,1,99,1,1,48,2,2,1
360306,4,2,1,99,4,1,38,2,2,-1
360320,3,3,1,99,5,2,31,1,4,2
360337,3,1,1,3,1,2,65,1,2,1
360351,4,1,1,7,7,1,41,2,1,-1
360368,4,-9,1,-9,4,2,-9,-9,2,5
360382,4,1,2,2,1,2,80,1,4,1
360405,4,3,2,4,7,2,40,2,1,-1
360412,4,1,1,1,1,2,38,1,1,1
360429,4,1,2,2,1,2,68,1,2,1
360443,3,2,1,99,5,2,30,2,2,1
360528,3,1,1,5,6,2,65,1,3,2
360542,4,1,1,6,7,1,66,1,2,2
360634,4,1,1,6,7,1,51,1,1,2
360689,4,1,1,6,7,2,51,2,2,2
360696,4,2,2,99,1,1,20,2,4,1
360719,4,1,1,3,1,1,32,2,1,1
360726,4,1,1,6,7,1,41,2,3,2
360733,3,1,1,5,7,1,57,2,2,-9
360757,3,1,-6,4,1,1,54,1,-6,-1
360764,3,1,1,5,6,2,42,2,3,-1
360771,4,1,1,4,4,2,52,1,1,2
360795,4,1,1,6,7,1,76,1,1,2
360818,3,1,1,4,4,1,65,1,2,1
360825,4,1,1,3,1,2,72,2,2,1
360832,4,1,-6,2,2,1,39,2,-6,1
360849,3,1,1,4,3,1,47,2,2,1
360948,3,1,1,7,5,1,40,2,2,2
360962,4,1,-6,5,5,2,27,1,-6,-1
360979,4,1,1,2,2,2,32,2,3,1
360986,4,1,1,1,1,2,66,2,3,1
360993,4,1,1,4,4,2,64,2,3,1
361002,4,1,1,2,1,2,67,2,2,1
361064,4,1,1,5,6,2,31,2,4,-1
361071,3,1,1,2,1,2,72,2,2,1
361095,4,4,-7,6,7,2,45,1,-7,-1
361132,4,1,1,1,3,2,24,2,1,1
361248,4,4,1,2,1,2,29,2,1,1
361293,4,3,1,2,1,2,39,2,2,1
361347,3,1,1,3,2,1,52,2,2,1
361378,4,1,1,6,7,1,57,2,2,2
361392,3,1,1,6,7,1,56,1,2,2
361422,3,4,1,99,1,2,27,2,2,1
361439,4,3,1,99,4,2,46,2,4,1
361514,4,1,1,5,7,1,57,2,2,2
361538,4,1,1,3,1,1,75,2,1,1
361545,3,1,1,1,4,1,54,2,3,-1
361569,4,5,1,4,7,2,71,1,2,2
361576,4,2,1,4,1,2,42,2,4,1
361590,3,1,-6,4,3,2,58,1,-6,-1
361613,4,1,1,3,4,2,58,2,1,1
361644,3,1,2,2,3,2,69,2,3,1
361682,3,1,1,7,7,1,19,1,1,2
361705,4,1,-6,5,6,1,34,2,-6,-1
361712,3,2,1,4,2,1,53,2,2,1
361736,4,1,1,99,7,1,72,2,2,2
361743,4,1,1,2,1,1,44,2,3,1
361750,3,1,1,5,5,1,36,2,2,2
361767,4,6,1,2,3,2,25,2,2,1
361828,3,1,1,2,1,1,55,2,1,1
361835,4,2,1,6,7,1,33,1,1,2
361897,4,1,1,6,7,2,78,1,1,2
361910,3,3,-6,6,1,1,51,2,-6,-1
361965,4,1,1,2,1,1,80,2,2,-1
361996,4,1,1,6,7,2,51,2,1,2
362043,3,3,1,4,2,1,55,2,3,1
362050,3,1,1,1,3,2,18,2,1,1
362067,4,1,1,5,6,1,65,1,1,-1
362074,3,1,1,4,2,2,43,2,3,-1
362128,3,3,1,4,1,2,18,1,1,1
362135,3,1,1,2,3,1,51,1,2,1
362159,4,1,1,5,6,1,35,1,3,2
362180,4,1,-6,2,1,2,69,1,-6,1
362227,4,3,1,99,4,2,75,1,4,-1
362265,4,1,-6,6,7,1,63,2,-6,-1
362272,3,1,2,6,6,1,80,2,3,2
362302,4,3,1,99,3,1,33,2,4,-1
362333,3,1,1,3,3,2,68,1,1,1
362388,4,1,1,6,7,1,28,2,2,2
362401,3,6,-6,6,5,1,27,1,-6,-1
362418,3,1,1,4,5,1,33,2,1,-9
362456,4,1,1,7,5,1,30,1,2,2
362463,3,1,1,2,1,1,53,2,2,1
362524,4,1,-6,99,6,2,58,1,-6,-1
362593,3,2,1,3,3,2,27,2,2,1
362609,3,1,1,6,7,2,50,1,1,2
362623,4,1,1,6,6,1,-9,1,2,2
362654,3,3,1,4,2,2,37,2,1,1
362692,3,1,2,5,5,1,63,1,4,2
362708,4,4,-6,4,2,2,19,2,-6,-1
362715,4,1,1,2,1,2,25,2,1,1
362722,4,5,1,99,5,2,71,2,3,-1
362739,4,1,1,99,3,1,55,1,3,1
362777,3,1,-6,7,7,1,29,2,-6,-1
362784,3,1,1,6,7,2,52,1,2,-1
362814,4,1,1,3,2,2,32,2,3,1
362838,3,1,1,5,7,1,52,2,1,2
362890,4,1,1,6,7,1,66,1,1,2
362906,3,1,1,4,7,2,66,1,2,2
362975,4,1,1,6,7,1,57,1,2,2
362999,3,6,1,5,6,1,39,1,3,2
363015,4,6,1,3,3,2,21,1,2,1
363022,3,1,1,5,7,2,34,1,2,1
363039,3,1,1,5,7,1,-9,1,2,2
363046,3,1,1,5,4,2,35,1,1,1
363053,3,1,1,3,3,1,80,2,2,1
363077,4,1,-6,4,7,1,26,1,-6,-1
363091,4,3,1,4,3,2,75,2,4,-1
363121,4,5,-6,6,7,1,34,1,-6,-1
363206,4,1,1,4,6,2,43,1,2,-1
363220,4,1,1,3,1,1,21,2,3,1
363312,3,1,1,2,3,2,25,2,2,1
363343,3,3,1,7,1,1,45,1,4,-1
363381,4,1,1,99,7,2,35,1,3,-1
363411,4,3,-6,3,3,2,18,1,-6,-1
363428,3,1,1,5,5,2,39,1,2,1
363442,3,1,1,6,7,2,71,1,2,2
363541,3,1,1,4,3,2,-9,2,3,1
363558,3,3,-6,4,1,2,55,2,-6,-1
363565,3,1,1,99,7,2,-9,1,2,2
363619,4,6,-6,99,-9,1,78,2,-6,-1
363633,3,1,2,3,2,2,44,2,3,1
363640,4,4,2,99,2,2,68,2,4,1
363657,4,1,1,4,2,2,35,2,3,1
363701,4,4,1,4,1,2,63,1,2,1
363756,4,1,2,99,4,1,72,2,2,-9
363763,4,1,1,3,1,1,74,2,2,1
363800,3,-9,-6,99,3,1,-9,1,-6,-1
363855,4,1,1,4,1,1,76,2,1,1
363916,3,1,1,99,4,2,26,2,4,-1
363961,4,2,1,3,2,2,39,2,3,1
363985,4,1,1,4,4,2,31,2,3,-1
363992,4,1,1,99,6,2,34,2,2,-1
364025,3,1,1,99,6,1,38,2,-5,-1
364063,3,1,1,5,7,1,58,2,2,-1
364070,3,1,1,3,3,2,63,1,2,1
364094,3,1,1,1,1,2,73,1,1,1
364124,3,1,1,5,5,2,43,1,2,2
364131,3,1,1,6,5,1,80,1,2,2
364148,4,1,1,3,1,1,29,2,1,1
364186,4,1,1,4,3,1,71,2,2,1
364216,4,1,1,99,7,1,49,2,3,2
364230,4,1,1,3,4,2,63,2,2,2
364254,3,1,1,1,3,2,34,2,2,1
364278,3,1,1,2,3,2,65,2,1,1
364285,4,1,1,6,6,2,31,2,4,2
364292,4,1,-6,4,4,1,79,2,-6,-1
364308,3,1,1,6,7,2,67,2,2,2
364377,4,3,1,99,2,2,65,1,3,1
364483,3,3,-6,4,1,1,30,1,-6,-1
364506,4,1,1,3,3,2,50,2,3,1
364513,3,1,1,2,1,2,71,1,1,1
364568,4,1,1,2,1,2,73,2,2,1
364629,4,1,1,5,6,1,50,1,2,1
364636,4,6,-6,3,2,2,30,2,-6,-1
364704,4,1,1,2,2,1,41,2,3,1
364742,4,1,1,6,7,1,-9,2,2,2
364759,4,1,1,7,7,1,18,2,2,2
364766,3,1,1,4,7,2,77,1,1,2
364810,3,1,1,3,1,1,19,1,2,1
364834,3,3,2,4,4,2,40,1,2,5
364872,3,1,1,6,7,1,74,2,2,2
364889,4,1,1,2,1,2,37,2,2,1
364896,3,1,1,99,6,2,75,2,3,2
364926,4,3,-6,5,5,1,37,2,-6,-1
364933,4,1,1,7,7,2,80,2,4,1
364971,3,1,1,5,6,1,69,2,1,1
364988,4,1,1,99,4,1,59,2,3,2
365028,3,1,1,6,5,2,22,1,1,3
365059,3,1,1,4,5,1,30,1,2,-1
365066,3,2,1,99,3,2,44,2,1,1
365103,4,1,1,2,1,2,64,2,1,1
365110,4,6,-6,6,5,1,40,1,-6,-1
365196,4,1,1,3,1,2,61,1,1,1
365226,4,1,1,1,3,2,29,1,1,1
365264,4,1,1,1,1,2,78,2,2,1
365295,4,2,1,99,1,1,71,1,2,1
365325,3,1,-6,2,2,2,45,1,-6,-1
365332,3,1,1,7,7,1,66,1,-5,2
365370,4,1,1,6,7,2,52,1,2,2
365394,4,1,-6,7,7,2,40,1,-6,-1
365400,4,1,1,99,7,1,41,1,2,-1
365448,4,1,1,4,2,1,31,1,1,1
365455,4,2,1,99,1,1,66,1,1,1
365516,3,6,-6,6,7,1,24,2,-6,-1
365523,4,2,-6,3,3,1,34,1,-6,-1
365530,4,1,1,5,6,2,41,2,1,-9
365554,4,2,1,2,3,2,24,2,3,1
365585,4,2,2,99,1,2,29,2,4,1
365592,3,1,1,5,6,1,36,2,3,2
365660,4,3,1,6,5,1,41,2,2,2
365707,4,1,1,99,4,1,80,1,1,2
365714,3,1,-7,4,2,2,57,2,-7,-1
365745,3,1,1,6,6,1,57,1,2,2
365769,4,1,-6,4,7,2,51,2,-6,2
365844,4,1,1,99,5,2,66,1,4,2
365868,4,1,1,2,2,2,45,1,1,1
365875,3,1,1,5,7,1,25,2,2,-1
365882,4,1,1,7,7,2,28,1,2,2
365899,4,1,1,7,7,1,72,1,1,-1
365905,3,1,1,6,7,2,36,2,2,2
365981,4,1,1,2,1,2,21,2,2,1
366007,4,1,1,2,7,1,64,2,2,2
366014,3,1,-6,6,5,1,33,2,-6,-1
366021,4,1,1,6,5,1,47,1,1,2
366038,3,1,1,2,2,2,28,2,2,1
366052,4,1,1,4,5,1,40,2,2,-1
366083,3,2,1,4,1,1,27,2,1,1
366090,4,1,-6,4,6,2,68,1,-6,-1
366113,4,1,1,7,7,1,19,2,4,2
366151,3,1,1,6,6,1,39,1,2,2
366175,4,2,2,7,1,2,20,2,2,1
366199,4,4,1,3,4,1,46,1,1,1
366250,4,1,1,6,7,1,55,1,2,2
366274,3,3,1,6,4,1,56,1,2,2
366328,4,2,1,99,1,2,68,2,2,1
366380,4,1,1,6,7,2,74,1,2,2
366397,4,5,1,1,1,2,28,2,2,1
366465,3,1,1,6,7,2,68,2,2,2
366472,4,1,1,6,7,1,21,1,1,2
400068,5,1,1,6,7,1,61,1,2,2
400075,5,1,-6,99,1,2,31,2,-6,-1
400082,5,1,1,6,4,2,-9,2,4,2
400099,5,1,1,99,7,2,72,1,3,2
400112,5,1,1,6,7,1,72,1,2,2
400136,5,2,1,3,1,2,59,2,1,-1
400181,5,1,1,6,6,1,62,1,2,2
400242,5,3,-6,3,2,1,-9,2,-6,-1
400280,5,1,1,4,5,2,35,1,4,2
400303,5,3,1,3,1,1,38,1,1,1
400327,5,1,1,5,6,1,21,2,4,2
400334,5,1,1,6,5,2,48,2,4,2
400372,5,1,1,2,1,2,41,2,2,1
400396,5,1,1,4,7,2,46,2,2,2
400433,5,1,1,4,3,2,34,1,3,1
400440,5,1,1,4,4,2,44,1,3,1
400457,5,1,1,4,4,1,61,2,3,2
400464,5,1,1,4,4,2,48,2,2,2
400518,5,1,1,7,7,1,35,1,1,-1
400525,5,1,1,99,4,2,35,2,2,-1
400648,5,2,-6,99,1,1,58,2,-6,-1
400693,5,1,2,4,1,2,68,2,2,1
400723,5,1,1,3,6,2,60,2,2,2
400747,5,1,1,7,7,2,70,1,1,2
400761,5,1,1,5,5,1,63,1,3,2
400785,5,1,1,7,7,1,47,2,2,2
400822,5,1,1,2,1,2,69,1,1,1
400839,5,1,2,4,4,1,66,1,2,1
400938,5,1,1,4,4,1,30,1,1,1
401016,5,1,1,99,7,1,25,2,2,-1
401023,5,1,1,6,7,1,52,2,2,2
401085,5,1,1,4,4,1,37,1,2,2
401092,5,1,1,4,5,1,75,1,2,2
401108,5,2,-6,99,1,1,57,2,-6,-1
401139,5,1,1,2,2,2,50,2,-5,1
401153,5,1,1,2,1,2,63,2,2,1
401177,5,1,1,4,6,1,39,1,1,2
401207,5,1,1,4,4,1,63,2,2,1
401337,5,4,1,4,1,2,47,2,1,1
401344,5,1,1,4,6,1,32,1,2,2
401351,5,1,1,2,1,1,67,1,3,1
401382,5,1,1,3,1,2,61,2,2,1
401429,5,5,1,99,4,2,35,1,3,-1
401436,5,1,2,99,3,2,77,2,3,-1
401443,5,3,1,6,6,2,53,1,2,-1
401467,5,1,2,4,5,2,23,2,2,-1
401474,5,2,1,6,1,1,27,2,-5,-1
401504,5,1,1,4,2,2,-9,1,2,-1
401559,5,1,1,6,7,1,80,1,2,2
401580,5,4,-6,99,3,2,35,1,-6,-1
401627,5,1,1,7,7,2,79,2,2,2
401658,5,1,1,3,2,2,49,1,2,-1
401726,5,1,1,6,7,1,57,1,2,-9
401740,5,2,1,2,1,1,70,2,2,1
401795,5,1,1,4,3,2,33,1,2,1
401801,5,2,2,5,7,1,60,2,2,1
401825,5,1,1,2,1,2,32,2,2,1
401832,5,1,1,5,6,2,55,1,2,2
401856,5,1,1,6,7,1,67,2,2,2
401863,5,4,1,5,5,2,-9,1,2,1
401870,5,1,1,3,3,1,29,2,3,1
401887,5,1,1,99,6,1,34,2,2,-9
401931,5,1,1,6,7,1,60,2,2,2
401948,5,3,-6,3,1,1,-9,2,-6,-1
401955,5,2,1,3,1,2,57,1,2,1
401962,5,1,1,2,1,1,80,2,1,1
402095,5,1,1,99,4,2,24,2,3,-1
402149,5,1,-6,5,6,1,47,1,-6,-1
402156,5,3,-6,99,4,1,34,2,-6,-1
402163,5,1,1,99,1,1,75,2,2,1
402170,5,3,1,1,1,2,38,2,4,1
402187,5,1,1,4,1,2,32,1,4,-1
402217,5,1,1,2,1,1,29,2,2,1
402293,5,1,1,2,1,2,71,2,1,1
402309,5,1,1,2,1,2,61,2,1,-1
402316,5,1,1,4,4,1,37,1,2,1
402330,5,1,1,4,5,2,66,2,2,2
402347,5,1,1,6,7,1,37,1,3,2
402392,5,1,1,6,7,2,-9,2,1,2
402439,5,1,1,99,1,2,75,2,2,1
402446,5,4,1,2,1,2,29,2,3,1
402453,5,1,1,4,3,1,56,2,2,1
402491,5,6,2,99,7,2,31,1,-5,-1
402507,5,1,1,99,3,2,65,1,1,1
402538,5,3,1,6,6,1,66,1,1,2
402583,5,4,1,4,4,2,64,1,2,-1
402590,5,2,-6,4,3,2,23,1,-6,-1
402606,5,1,1,99,7,1,39,2,2,2
402620,5,1,1,4,4,2,29,1,1,3
402668,5,1,-6,99,4,2,27,2,-6,-1
402682,5,1,-6,6,7,1,37,1,-6,-1
402712,5,1,-7,3,3,2,30,2,-7,-1
402743,5,1,1,2,2,2,42,1,3,1
402750,5,3,2,5,6,2,29,2,2,2
402828,5,1,1,4,5,2,53,1,3,-1
402859,5,1,1,4,5,2,80,2,1,2
402873,5,1,1,3,1,2,67,2,2,1
402927,5,4,1,5,5,2,-9,1,2,1
402934,5,1,1,6,5,1,73,1,1,1
402941,5,1,1,4,2,1,70,1,2,2
402965,5,5,1,5,5,2,33,1,2,2
402996,5,1,1,6,7,1,53,2,1,2
403005,5,2,1,3,3,1,58,2,2,1
403074,5,1,1,6,7,1,39,2,3,2
403098,5,6,1,4,4,2,45,1,1,-1
403104,5,1,1,3,6,1,65,1,2,1
403142,5,1,-6,1,3,2,58,2,-6,-1
403180,5,1,1,2,3,1,66,2,1,1
403210,5,3,1,3,1,1,51,1,2,1
403265,5,3,1,3,1,2,51,1,2,-1
403326,5,1,1,5,5,1,55,1,2,2
403357,5,1,1,5,7,1,29,2,1,2
403425,5,1,1,6,7,2,32,1,3,2
403449,5,3,1,3,2,1,26,2,4,-1
403463,5,1,2,6,4,2,73,1,2,2
403487,5,1,-6,99,4,2,24,1,-6,-1
403494,5,1,1,6,7,1,74,1,2,2
403500,5,1,1,5,5,1,46,2,2,2
403562,5,3,1,4,6,1,48,1,2,2
403593,5,1,1,6,6,1,54,2,2,2
403609,5,6,1,4,3,2,27,1,2,1
403678,5,1,2,4,6,2,32,2,1,-1
403708,5,2,1,99,1,1,42,2,2,1
403722,5,6,1,2,1,2,36,2,2,1
403777,5,1,1,4,7,1,47,2,2,2
403838,5,1,1,2,3,2,39,1,2,1
403845,5,1,1,5,5,2,52,2,1,2
403852,5,1,1,4,1,2,60,2,3,1
403876,5,2,1,99,1,1,80,2,1,1
403913,5,1,1,4,3,1,64,2,2,1
403920,5,1,1,3,3,2,61,1,2,1
403944,5,1,1,7,5,2,72,1,1,2
403951,5,1,1,2,3,2,58,1,1,1
403968,5,1,-6,2,4,2,44,2,-6,-1
403999,5,1,1,7,7,1,75,1,1,2
404022,5,1,1,4,1,1,77,2,2,1
404053,5,1,1,2,2,2,67,2,2,1
404077,5,1,1,3,6,2,65,2,3,1
404114,5,1,1,4,6,2,58,2,1,2
404121,5,1,1,5,5,1,67,2,2,2
404138,5,1,1,2,1,2,49,1,1,1
404244,5,2,1,99,2,1,55,2,3,1
404268,5,1,1,4,4,2,79,2,3,-1
404336,5,4,-6,6,7,2,70,1,-6,-1
404350,5,1,2,6,7,2,67,2,2,2
404381,5,1,1,3,3,2,33,2,2,1
404442,5,1,1,3,3,2,38,1,3,-1
404497,5,1,1,1,1,2,44,2,2,1
404503,5,1,1,4,4,1,80,1,1,1
404541,5,1,1,4,3,2,27,1,1,1
404572,5,1,1,6,7,1,76,2,2,2
404619,5,2,1,2,4,1,33,2,2,5
404626,5,1,1,6,5,1,72,2,1,2
404657,5,1,-6,4,7,1,80,1,-6,-1
404701,5,1,1,6,5,2,53,2,1,2
404725,5,1,1,2,1,2,80,2,1,1
404732,5,1,1,6,7,1,68,2,2,2
404749,5,1,1,99,2,2,42,1,2,1
404763,5,4,1,2,3,2,74,1,2,1
404831,5,1,1,5,5,1,-9,1,2,2
404879,5,1,1,7,7,2,68,2,2,2
404930,5,1,1,6,7,2,55,2,2,2
404985,5,6,1,6,5,1,35,1,1,2
404992,5,1,1,2,2,2,80,2,2,1
405001,5,1,1,2,1,2,60,1,1,1
405018,5,1,1,6,6,2,80,1,3,2
405087,5,2,1,2,1,1,74,2,2,1
405131,5,1,1,5,6,2,29,2,3,2
405155,5,1,1,4,4,1,61,2,1,1
405162,5,1,1,3,4,2,43,1,2,1
405186,5,1,1,6,5,1,68,1,2,2
405193,5,1,1,6,7,1,57,2,2,2
405209,5,3,2,3,1,1,23,2,4,-1
405216,5,1,1,99,3,2,78,2,2,1
405230,5,1,1,3,1,2,64,2,2,1
405261,5,1,1,6,6,2,76,2,2,2
405278,5,1,1,6,6,1,-9,1,3,2
405292,5,1,1,6,7,1,58,2,2,2
405339,5,1,1,6,7,1,68,2,3,2
405346,5,1,1,3,1,1,68,1,2,1
405360,5,1,1,2,1,2,59,2,1,1
405391,5,1,1,99,4,2,41,2,3,-1
405438,5,2,1,4,1,2,30,2,3,1
405483,5,2,-6,4,3,2,35,2,-6,-1
405490,5,1,1,99,4,2,69,1,3,2
405506,5,1,1,5,3,1,-9,2,3,1
405544,5,4,1,2,1,2,21,2,1,1
405568,5,2,-6,2,4,1,-9,2,-6,-1
405605,5,3,1,4,6,1,34,2,3,-1
405612,5,1,-7,99,1,1,80,2,-7,1
405698,5,1,1,5,2,2,49,1,2,1
405728,5,6,-7,99,4,1,73,2,-7,-1
405735,5,1,1,4,4,1,62,2,2,2
405773,5,3,1,4,1,1,19,2,2,-1
405780,5,1,1,5,2,2,52,2,3,1
405810,5,1,1,2,1,2,57,2,2,1
405889,5,3,1,5,5,2,44,2,2,-1
405933,5,1,2,4,6,2,40,1,2,2
405995,5,3,1,7,7,1,44,1,2,2
406035,5,1,1,4,3,2,44,2,1,1
406059,5,1,1,6,7,2,72,1,3,2
406134,5,1,-6,7,7,2,71,2,-6,-1
406141,5,4,1,3,3,2,36,2,2,1
406196,5,1,-6,5,7,1,56,1,-6,-1
406226,5,1,1,5,7,1,56,2,2,2
406233,5,1,1,4,6,1,66,2,3,2
406240,5,1,2,6,7,2,66,1,3,2
406271,5,1,1,4,3,2,-9,1,2,1
406295,5,1,1,4,4,1,48,1,2,2
406325,5,3,1,2,3,2,44,1,1,1
406332,5,2,2,3,1,2,30,1,2,-1
406394,5,1,1,6,7,1,80,2,2,2
406424,5,1,1,5,4,2,80,2,2,2
406479,5,1,-6,4,6,2,37,1,-6,-1
406509,5,1,1,1,1,2,30,2,2,1
406516,5,1,1,4,1,1,36,1,2,-9
406523,5,1,1,7,6,2,34,1,1,2
406530,5,1,1,3,1,2,59,1,2,1
406585,5,1,2,4,4,2,51,2,3,-1
406615,5,6,2,4,4,2,-9,1,3,-9
406622,5,1,-7,4,5,1,30,1,-7,-1
406653,5,1,1,4,1,2,80,1,2,1
406660,5,1,1,4,6,1,80,2,2,1
406677,5,1,1,6,7,1,25,1,2,2
406714,5,3,-6,99,1,1,58,2,-6,-1
406752,5,2,-6,3,2,2,65,1,-6,-1
406790,5,4,1,6,6,2,38,1,1,2
406806,5,1,1,6,6,2,61,1,1,2
406820,5,1,1,2,1,2,38,1,1,1
406882,5,1,1,2,1,2,33,2,1,1
406936,5,1,1,5,5,2,-9,2,1,2
406974,5,1,-6,99,7,1,64,1,-6,-1
407007,5,1,1,2,1,2,70,1,2,1
407052,5,2,1,3,1,1,28,1,2,1
407069,5,1,1,2,2,2,34,1,2,-1
407076,5,1,-6,99,6,1,38,2,-6,-1
407106,5,1,1,3,1,1,66,2,1,1
407113,5,1,1,5,4,2,34,2,3,1
407137,5,1,1,7,6,1,40,2,2,2
407175,5,4,1,99,7,2,60,2,2,2
407182,5,1,1,5,5,2,20,1,1,2
407243,5,1,1,2,1,2,60,2,2,1
407250,5,3,1,6,7,1,56,2,-5,2
407298,5,1,-6,3,1,2,72,2,-6,1
407304,5,5,1,4,1,1,68,1,2,1
407335,5,5,1,99,4,1,56,2,2,-1
407366,5,1,-6,3,4,1,60,2,-6,-1
407397,5,1,1,3,4,1,56,1,2,-1
407410,5,1,1,4,1,2,39,2,1,1
407427,5,1,1,3,3,2,38,1,1,1
407496,5,1,1,4,1,1,65,1,2,1
407502,5,1,1,4,6,1,22,1,3,2
407519,5,2,1,4,2,1,39,2,2,1
407595,5,5,1,7,7,1,66,1,1,2
407601,5,5,1,4,4,2,44,1,2,1
407618,5,4,1,2,2,1,46,2,2,1
407656,5,1,1,7,7,2,80,2,2,2
407694,5,5,1,99,4,2,49,2,2,-9
407700,5,1,1,99,3,2,50,2,2,1
407717,5,2,1,2,1,1,70,2,2,1
407724,5,1,1,2,1,1,57,2,1,1
407731,5,-9,1,4,-9,2,-9,-9,2,-9
407755,5,1,1,3,2,2,41,2,3,1
407762,5,1,1,4,6,1,46,1,2,1
407779,5,1,1,6,7,1,80,2,2,2
407816,5,1,1,2,1,2,38,1,1,1
407823,5,3,2,4,2,2,33,2,2,1
407847,5,1,1,99,1,2,34,2,4,-1
407861,5,-9,1,99,4,1,-9,2,2,-9
407953,5,3,1,7,6,1,33,1,2,-1
407977,5,3,2,4,4,2,19,1,2,-1
407991,5,3,1,2,2,1,26,2,3,-1
408000,5,2,1,4,2,2,29,1,4,-1
408031,5,1,1,4,3,1,38,2,2,5
408055,5,5,2,99,4,2,56,1,3,2
408062,5,1,1,4,1,2,75,1,1,1
408109,5,1,2,3,3,2,29,2,2,-1
408123,5,1,1,4,4,2,47,2,4,-1
408154,5,6,-6,4,2,2,20,2,-6,-1
408185,5,1,1,5,4,2,54,2,2,1
408192,5,1,1,4,3,1,60,-9,2,1
408239,5,1,1,4,5,2,27,1,3,-1
408253,5,1,2,7,7,1,25,1,4,-1
408284,5,1,1,4,3,2,35,2,3,1
408291,5,1,-6,4,4,2,70,2,-6,-1
408321,5,1,-6,4,3,1,77,2,-6,-1
408390,5,1,1,99,1,2,56,2,2,1
408413,5,1,1,1,1,2,37,2,2,-1
408420,5,1,1,5,5,2,56,2,2,2
408444,5,5,1,6,7,1,48,-9,1,2
408482,5,1,-6,2,1,2,62,2,-6,-1
408505,5,1,-6,5,5,1,80,1,-6,-1
408543,5,1,1,6,7,1,28,2,2,2
408574,5,1,1,1,4,2,40,1,1,4
408598,5,1,1,4,6,2,68,2,4,2
408604,5,1,-6,99,1,2,39,2,-6,-1
408611,5,1,1,99,4,2,61,1,2,-1
408628,5,1,1,-9,7,1,45,2,2,-1
408741,5,1,1,2,1,1,78,2,1,1
408758,5,1,1,2,1,1,71,1,1,1
408772,5,4,1,2,1,2,63,1,1,1
408789,5,2,1,4,4,1,61,1,2,-1
408819,5,1,2,99,2,1,-9,2,4,-1
408826,5,1,1,2,1,2,66,2,2,1
408833,5,2,1,1,2,2,36,1,4,1
408864,5,1,-6,99,7,2,-9,2,-6,-1
408888,5,1,1,2,2,1,77,1,2,1
408901,5,1,1,7,7,2,80,1,1,2
408949,5,1,1,4,6,1,65,1,2,1
409010,5,6,1,4,5,2,55,1,1,-1
409041,5,1,1,7,7,1,33,1,2,2
409065,5,1,1,1,1,2,60,2,2,1
409089,5,1,1,4,7,2,65,2,3,2
409096,5,1,2,6,5,2,74,2,2,2
409188,5,1,-6,6,7,2,78,1,-6,-1
409195,5,1,1,3,3,2,48,1,2,1
409232,5,3,1,6,7,1,30,1,2,5
409263,5,1,1,3,3,2,24,2,2,1
409270,5,1,1,4,6,2,38,2,3,2
409331,5,1,1,6,7,2,63,1,2,2
409348,5,3,1,3,3,2,33,2,2,1
409362,5,1,1,6,7,1,75,2,2,2
409379,5,1,-6,6,7,2,69,2,-6,-1
409386,5,1,1,3,1,2,64,1,2,1
409423,5,-9,1,3,1,2,-9,2,1,1
409430,5,1,1,99,4,2,37,1,-5,-1
409478,5,1,2,99,4,2,-9,1,4,2
409492,5,6,2,99,4,1,51,1,2,1
409508,5,1,1,3,7,1,57,1,3,2
409522,5,2,1,3,1,1,27,2,2,1
409546,5,1,1,7,6,1,46,1,2,-1
409553,5,1,1,3,1,2,41,2,3,1
409577,5,1,1,6,5,1,37,2,2,2
409591,5,1,1,5,6,2,42,2,2,1
409607,5,1,1,99,6,2,52,2,2,-1
409621,5,1,-6,6,7,2,36,1,-6,-1
409638,5,3,1,4,6,1,28,1,3,-1
409652,5,1,1,2,1,2,66,2,1,1
409669,5,1,1,3,2,1,44,1,2,1
409683,5,1,1,6,7,2,56,1,2,-1
409720,5,6,1,6,7,1,26,2,3,2
409744,5,1,1,4,3,2,28,2,2,1
409751,5,1,1,99,5,2,35,1,3,-1
409768,5,1,1,6,6,1,60,2,2,1
409775,5,4,1,4,5,2,67,1,2,-1
409812,5,1,1,4,1,2,75,2,1,1
409836,5,1,1,4,7,2,29,1,2,3
409843,5,1,1,6,7,1,70,1,2,2
409881,5,-9,1,3,1,2,76,2,2,1
409928,5,1,1,4,7,1,-9,2,1,2
409942,5,1,1,4,2,2,78,2,3,1
409980,5,2,1,99,1,1,48,2,2,1
410010,5,1,1,5,4,2,52,1,2,-1
410034,5,1,1,3,2,1,28,1,1,1
410119,5,1,1,6,7,1,-9,1,2,2
410140,5,2,1,4,6,1,32,2,3,-1
410157,5,1,-6,4,2,2,55,2,-6,-1
410164,5,1,1,1,3,2,37,1,2,1
410218,5,1,1,2,2,2,45,2,1,1
410232,5,1,1,6,1,2,61,1,2,1
410249,5,1,1,5,5,1,52,1,2,-1
410263,5,1,1,3,3,2,32,1,2,1
410324,5,1,1,4,6,2,30,1,2,2
410331,5,1,1,6,7,1,44,2,1,2
410355,5,1,1,4,3,2,59,2,1,-1
410362,5,1,1,5,6,2,76,2,2,2
410485,5,1,1,3,3,1,27,2,2,1
410515,5,1,1,3,1,2,55,2,2,1
410546,5,1,1,3,3,2,75,1,2,1
410584,5,1,1,6,7,1,48,2,2,2
410591,5,2,1,3,2,1,32,2,2,4
410614,5,1,1,3,1,1,44,1,1,1
410621,5,1,1,6,5,1,77,2,1,2
410645,5,1,1,7,7,1,52,1,2,2
410676,5,1,1,6,7,2,65,2,3,2
410690,5,1,1,6,7,1,66,2,1,2
410706,5,1,1,5,6,1,36,1,2,-1
410751,5,1,-6,7,7,1,58,1,-6,-1
410829,5,1,1,6,6,1,80,2,2,2
410874,5,1,1,6,7,1,30,1,3,2
410904,5,4,1,3,2,1,18,1,2,1
410942,5,1,1,4,6,1,47,2,2,2
410973,5,1,1,7,7,2,54,1,1,2
410980,5,2,2,99,2,1,46,2,3,-1
411006,5,1,-6,6,7,1,-9,1,-6,-1
411020,5,1,1,2,1,2,38,1,1,1
411044,5,1,1,3,1,2,60,1,2,1
411051,5,1,2,4,7,1,80,1,1,2
411075,5,1,1,4,4,1,41,1,3,1
411112,5,3,-6,6,7,2,23,1,-6,-1
411129,5,3,1,1,1,2,71,1,1,1
411136,5,1,1,2,3,2,27,1,2,1
411143,5,1,1,4,4,2,70,1,2,1
411174,5,1,1,6,6,2,78,1,2,2
411181,5,3,-6,2,1,2,19,1,-6,-1
411204,5,1,1,5,6,2,64,1,2,1
411211,5,6,1,6,7,2,51,1,1,-1
411242,5,1,1,7,7,1,32,1,1,2
411303,5,1,1,5,6,1,54,1,2,1
411327,5,1,1,5,7,1,56,2,1,2
411365,5,1,2,5,5,1,44,2,3,2
411457,5,1,1,4,3,1,69,1,2,1
411464,5,1,-6,4,6,2,65,2,-6,-1
411471,5,1,1,4,3,2,26,2,3,2
411495,5,2,1,99,2,1,26,2,3,1
411563,5,2,1,4,4,1,69,2,3,1
411594,5,4,1,2,4,2,48,2,2,-1
411600,5,1,1,1,3,2,50,1,1,1
411617,5,3,1,99,3,2,33,1,1,-1
411679,5,1,1,2,1,2,19,1,3,1
411686,5,1,1,2,1,1,47,2,2,1
411709,5,1,1,4,7,2,38,2,2,2
411778,5,1,1,6,7,1,45,2,3,2
411785,5,1,1,2,1,2,62,2,1,1
411792,5,-9,-6,6,6,-9,56,2,-6,-1
411808,5,1,1,99,4,2,32,1,2,-1
411815,5,-9,1,4,5,1,53,1,2,2
411822,5,2,-6,2,2,2,35,1,-6,-1
411839,5,3,1,4,4,1,59,2,2,2
411884,5,1,2,99,4,2,-9,2,4,-1
411907,5,3,1,99,1,2,27,2,2,1
411945,5,1,1,4,2,1,54,2,3,1
411952,5,1,-6,7,7,2,69,2,-6,-1
411976,5,2,1,4,4,1,48,2,2,1
411983,5,1,1,6,7,1,56,2,3,2
411990,5,1,2,5,2,2,36,2,2,-1
412016,5,1,1,6,5,2,63,1,2,2
412078,5,1,1,99,2,2,80,2,2,1
412085,5,1,1,2,1,2,48,1,1,1
412115,5,1,1,4,4,2,25,1,3,-1
412146,5,1,1,3,1,1,21,1,1,1
412160,5,1,1,4,4,1,-9,1,2,1
412191,5,1,-6,4,5,1,45,1,-6,-1
412207,5,1,-6,1,2,2,18,1,-6,-1
412238,5,1,2,6,4,1,41,1,2,2
412245,5,4,1,99,1,1,57,2,2,1
412306,5,1,1,3,7,2,66,2,2,-1
412313,5,5,1,99,4,2,63,1,3,-1
412337,5,2,1,1,6,1,-9,2,-5,-1
412344,5,1,-6,4,6,2,25,2,-6,-1
412382,5,1,1,99,2,2,80,2,2,1
412429,5,1,1,2,1,2,64,2,1,-1
412436,5,1,1,-9,3,2,24,1,1,1
412443,5,1,1,99,1,2,47,2,2,1
412474,5,4,1,6,7,2,31,2,2,2
412504,5,1,1,4,6,1,30,2,2,2
412559,5,3,-6,99,1,1,49,2,-6,-1
412566,5,1,1,4,4,2,40,1,3,1
412573,5,1,1,4,1,2,67,1,1,1
412580,5,1,1,5,6,2,57,1,2,2
412597,5,1,1,1,1,2,28,2,3,1
412603,5,3,1,99,4,2,50,1,2,-1
412610,5,1,1,2,1,1,66,2,1,-1
412658,5,1,1,6,7,1,69,2,2,2
412665,5,6,1,2,2,1,59,2,2,1
412702,5,4,-6,3,1,2,55,1,-6,-1
412719,5,2,1,99,4,2,23,2,2,1
412788,5,1,1,2,1,2,34,1,1,1
412818,5,4,1,4,4,1,38,2,2,2
412825,5,1,1,6,7,1,64,2,1,2
412870,5,1,-6,4,6,1,44,1,-6,-1
412887,5,1,1,99,5,2,57,1,1,2
412924,5,1,1,2,1,2,35,1,1,1
412955,5,1,1,6,5,2,43,1,1,2
412962,5,1,1,7,7,1,73,1,3,2
413026,5,3,1,3,3,2,30,2,2,-1
413033,5,1,1,3,4,2,28,2,2,-1
413071,5,1,1,2,1,2,31,2,2,1
413125,5,1,1,5,6,1,54,2,3,2
413149,5,1,-6,5,7,1,43,2,-6,-1
413200,5,3,1,99,4,2,40,1,2,4
413217,5,1,1,3,1,2,66,1,1,1
413231,5,1,1,6,7,2,32,1,3,-1
413262,5,1,1,7,7,1,-9,2,1,2
413286,5,1,2,99,7,1,58,1,4,2
413293,5,1,1,2,1,2,34,2,3,1
413347,5,5,1,6,6,2,78,2,1,2
413378,5,3,1,99,1,1,35,2,3,1
413385,5,1,1,2,1,2,39,1,2,1
413408,5,2,1,2,1,1,61,2,1,1
413415,5,1,1,5,5,2,59,1,2,1
413422,5,1,1,3,1,1,47,1,2,1
413439,5,1,2,6,6,2,59,2,2,2
413446,5,1,1,99,4,1,21,2,4,2
413491,5,1,1,1,1,2,37,2,1,1
413538,5,1,1,2,2,2,22,2,2,1
413545,5,1,1,2,1,2,49,2,2,1
413613,5,1,1,6,7,2,31,2,-5,2
413682,5,1,1,2,2,1,21,1,2,1
413729,5,1,1,3,3,1,32,2,3,1
413774,5,6,1,4,3,2,73,1,2,1
413781,5,5,1,2,1,1,42,2,2,1
413835,5,3,1,6,7,1,42,2,1,2
413859,5,1,1,4,2,2,51,2,4,1
413965,5,2,1,4,3,2,42,2,2,-1
414128,5,1,1,4,4,2,65,2,2,1
414142,5,1,1,3,1,1,57,2,2,1
414166,5,2,1,99,1,1,70,2,2,1
414180,5,1,1,4,3,1,65,1,2,1
414203,5,1,-6,5,5,1,28,2,-6,-1
414227,5,1,1,2,1,2,60,2,3,1
414258,5,1,1,2,1,1,63,2,3,1
414296,5,1,1,1,7,1,80,2,2,2
414302,5,1,1,4,6,2,59,1,2,-1
414319,5,3,2,99,1,1,47,2,3,1
414401,5,1,-6,2,1,2,71,1,-6,1
414418,5,3,1,5,6,1,-9,2,1,2
414425,5,1,1,99,3,1,69,2,2,1
414432,5,1,1,1,1,2,32,2,2,1
414449,5,1,1,3,1,1,66,1,2,1
414456,5,1,1,6,6,1,67,2,1,1
414470,5,2,1,2,2,1,36,2,2,1
414494,5,1,1,2,2,1,53,2,2,1
414517,5,1,1,4,3,1,56,2,2,1
414548,5,1,1,2,4,2,66,2,4,-1
414586,5,3,1,6,7,1,26,1,3,-1
414609,5,1,1,4,4,2,-9,1,3,3
414616,5,1,1,5,5,2,24,2,4,-1
414630,5,1,1,4,4,1,29,2,3,-9
414661,5,1,1,6,7,2,60,2,1,2
414692,5,1,1,4,7,1,51,1,2,2
414708,5,1,1,99,5,2,76,2,2,1
414715,5,1,1,4,4,2,38,1,3,2
414753,5,3,2,99,1,2,27,2,2,-1
414777,5,4,-6,3,3,1,64,1,-6,-1
414784,5,5,-6,6,5,1,53,1,-6,-1
414791,5,1,1,7,7,1,49,2,4,1
414814,5,1,1,4,7,1,47,2,2,2
414838,5,1,2,5,5,2,73,2,-5,2
414869,5,1,1,4,3,2,44,1,2,1
414890,5,1,1,3,2,2,24,2,2,1
414906,5,1,1,5,6,1,66,2,2,2
414913,5,1,1,2,7,1,53,2,4,2
414951,5,1,1,2,2,2,36,2,2,1
414982,5,1,2,4,6,2,41,2,3,-1
414999,5,3,1,4,2,2,43,2,2,1
415022,5,1,-6,1,1,1,26,1,-6,-1
415046,5,1,1,4,4,1,58,2,1,1
415060,5,1,1,3,2,2,60,1,2,1
415084,5,1,1,4,3,2,76,1,2,1
415107,5,1,1,5,6,2,30,1,3,-1
415114,5,1,1,6,7,1,65,2,2,2
415183,5,1,-6,5,7,1,57,2,-6,-1
415244,5,1,1,5,3,2,49,1,2,2
415282,5,3,1,99,-9,-9,-9,2,4,1
415312,5,1,1,5,7,1,74,1,2,2
415329,5,1,1,4,1,2,66,2,1,1
415343,5,1,-6,5,5,2,53,1,-6,-1
415367,5,3,1,3,1,2,60,2,3,-1
415374,5,6,1,2,5,2,54,1,2,2
415404,5,1,1,5,2,2,59,1,2,1
415459,5,2,1,4,3,1,29,2,4,1
415473,5,3,2,4,5,2,27,1,3,2
415480,5,1,1,2,1,2,60,1,3,1
415497,5,1,1,5,5,1,64,2,3,-9
415510,5,1,1,5,7,1,56,1,2,2
415527,5,3,-6,99,5,2,48,2,-6,-1
415541,5,2,1,99,1,1,48,2,2,1
415602,5,1,1,6,7,2,80,1,1,2
415664,5,1,1,6,7,1,75,2,1,2
415688,5,1,1,6,6,1,47,1,2,2
415701,5,1,1,5,5,2,43,1,3,2
415725,5,1,1,7,7,1,80,2,2,2
415749,5,1,2,4,2,2,41,1,3,-1
415800,5,1,1,6,7,1,72,2,2,2
415831,5,1,1,6,6,1,69,1,2,2
415879,5,1,1,4,3,2,51,1,3,-1
415886,5,1,1,5,6,1,57,2,2,2
415909,5,1,-6,1,7,2,30,1,-6,-1
415930,5,1,1,3,3,2,70,1,2,1
416018,5,1,1,5,4,2,61,2,1,1
416056,5,1,1,5,4,1,79,1,2,1
416063,5,2,1,99,1,2,41,2,3,-1
416155,5,6,2,99,1,1,74,2,2,1
416179,5,1,1,7,7,2,30,1,1,2
416193,5,2,2,99,1,1,19,2,2,-1
416216,5,1,-6,5,2,1,49,2,-6,-1
416230,5,4,1,2,1,2,76,1,1,1
416247,5,1,1,4,3,1,56,2,2,1
416285,5,4,2,4,4,2,35,2,3,5
416360,5,2,1,5,4,2,29,2,2,-1
416421,5,1,1,4,3,2,-9,-9,3,1
416452,5,1,1,99,7,1,53,2,2,2
416520,5,1,1,4,3,2,58,2,1,1
416544,5,5,1,4,3,1,38,2,2,2
416551,5,1,1,6,7,1,71,2,2,2
416575,5,1,1,5,5,2,45,2,4,-1
416636,5,1,1,6,7,1,70,2,2,2
416681,5,1,2,4,4,1,57,1,1,1
416704,5,1,1,4,5,1,34,1,1,2
416728,5,3,2,4,1,1,59,2,3,1
416735,5,1,1,6,7,2,67,1,2,2
416759,5,3,1,3,5,2,30,1,2,1
416773,5,2,1,99,2,1,-9,2,4,1
416834,5,3,1,4,3,2,60,2,1,1
416841,5,2,1,7,1,2,80,2,3,1
416933,5,1,1,7,7,1,65,2,2,2
416940,5,4,1,3,4,2,36,1,2,1
416964,5,1,1,4,5,2,54,2,3,2
417028,5,-9,-6,4,2,2,-9,1,-6,-1
417066,5,1,1,-9,5,1,75,2,3,2
417073,5,5,1,3,4,2,41,1,3,-1
417127,5,1,1,4,7,1,45,1,2,1
417134,5,1,1,6,5,1,80,1,2,2
417158,5,3,1,3,2,1,27,1,2,1
417165,5,1,1,3,1,1,65,2,1,1
417189,5,1,1,4,7,1,68,1,2,2
417202,5,1,1,6,7,2,70,1,1,2
417226,5,1,1,3,3,2,34,2,4,-1
417240,5,2,1,99,1,2,70,2,3,1
417295,5,1,1,3,2,1,26,2,3,3
417318,5,-9,1,4,3,2,-9,1,1,-9
417370,5,1,1,4,4,2,75,2,3,1
417387,5,1,2,99,6,1,-9,1,3,1
417424,5,1,1,5,5,2,19,2,4,-1
417455,5,1,2,-8,4,1,61,2,2,-9
417462,5,1,2,-9,-9,1,66,2,4,-1
417486,5,1,1,6,7,1,74,2,2,2
417530,5,3,1,99,3,2,76,1,2,1
417554,5,1,1,6,7,1,80,1,2,2
417578,5,1,1,6,7,2,67,2,1,2
417622,5,1,1,5,5,2,57,2,2,2
417653,5,1,-6,3,3,2,39,2,-6,-1
417677,5,2,2,99,4,2,32,2,3,-1
417714,5,2,-6,6,1,1,62,2,-6,-1
417738,5,1,1,6,7,1,76,2,2,2
417752,5,1,1,4,2,2,58,1,2,-1
417776,5,1,1,1,1,2,73,1,2,1
417790,5,1,1,2,1,2,59,1,2,-1
417882,5,1,1,4,4,2,28,2,4,-1
417905,5,1,-6,99,2,2,29,2,-6,-1
417912,5,1,1,3,1,2,71,2,2,1
417936,5,1,2,6,7,1,69,1,2,2
417943,5,6,1,6,5,2,34,2,3,3
417967,5,3,1,7,1,1,25,2,3,-1
417974,5,1,1,3,1,2,68,1,1,1
417998,5,1,-6,6,6,-9,-9,1,-6,-1
418014,5,3,1,4,2,1,55,2,2,1
418021,5,1,1,4,5,2,24,1,3,2
418038,5,1,1,6,7,1,72,2,1,2
418069,5,1,2,99,4,1,36,2,4,-1
418076,5,1,1,4,4,2,62,1,1,-1
418083,5,1,1,4,4,1,45,2,2,1
418090,5,1,1,1,1,2,38,1,1,1
418106,5,1,1,2,1,2,60,2,2,1
418137,5,1,1,6,7,1,62,2,2,2
418144,5,1,2,99,2,1,54,2,4,2
418168,5,1,1,4,6,1,54,1,3,3
418175,5,1,1,2,1,2,33,1,1,1
418182,5,6,1,6,7,1,46,2,1,2
418199,5,1,1,6,7,1,80,2,-5,2
418205,5,1,1,2,1,1,54,2,2,1
418212,5,1,-7,1,5,2,44,2,-7,-1
418229,5,4,1,6,7,2,58,2,2,2
418250,5,1,1,4,3,2,20,2,2,1
418267,5,3,1,6,7,1,50,1,1,2
418304,5,1,1,1,7,1,-9,2,2,2
418366,5,1,1,99,2,2,53,2,2,-1
418397,5,1,1,4,5,1,36,2,2,2
418465,5,1,1,6,3,2,39,2,2,1
418472,5,1,1,2,1,1,62,2,1,1
418489,5,2,1,99,3,1,38,2,2,-1
418496,5,1,1,4,2,2,50,1,2,1
418519,5,2,1,6,1,1,64,1,2,1
418526,5,2,1,3,1,2,64,1,-5,-1
418533,5,6,1,4,6,1,44,2,3,2
418540,5,2,1,2,1,1,75,2,2,1
418557,5,6,1,4,7,1,63,1,2,2
418571,5,1,1,6,7,1,-9,1,2,-1
418595,5,3,1,4,4,2,38,1,1,2
418601,5,5,-6,6,4,2,19,2,-6,-1
418618,5,1,1,2,4,2,67,1,2,-1
418625,5,1,1,99,4,2,37,1,3,-1
418656,5,1,1,4,2,1,56,2,2,1
418663,5,1,-6,5,7,1,35,2,-6,-1
418700,5,3,2,99,4,2,25,1,4,1
418755,5,1,1,5,5,2,80,1,1,2
418786,5,1,1,2,1,2,37,2,2,1
418816,5,4,1,4,3,1,77,2,3,1
418823,5,1,1,5,7,2,54,2,3,2
418861,5,1,-6,1,7,1,80,1,-6,-1
418878,5,1,1,99,7,1,62,2,1,2
418908,5,1,1,1,1,2,38,2,1,1
418915,5,1,1,99,3,2,80,1,3,1
418946,5,1,1,5,5,1,32,1,2,2
418984,5,1,1,4,5,2,54,1,3,3
419000,5,1,1,6,7,1,67,1,1,2
419024,5,1,-6,7,7,1,46,1,-6,-1
419109,5,1,1,4,6,1,29,1,3,2
419123,5,1,2,99,1,2,49,1,3,-1
419192,5,1,1,6,7,2,80,1,2,2
419208,5,1,1,99,4,2,27,1,2,-1
419215,5,3,1,7,7,1,45,1,2,2
419239,5,3,1,3,1,2,52,2,2,1
419291,5,1,1,1,2,2,22,2,2,1
419307,5,1,1,3,2,2,37,1,3,1
419352,5,1,1,5,5,2,67,2,3,2
419390,5,1,2,5,6,1,22,1,3,1
419413,5,1,1,5,4,1,27,2,3,2
419444,5,1,1,2,1,2,33,2,2,1
419451,5,1,1,99,6,1,58,1,3,-1
419468,5,1,1,3,1,2,59,2,1,1
419482,5,1,1,3,3,2,26,2,4,1
419512,5,1,1,7,7,1,59,1,1,2
419550,5,1,1,5,7,1,80,2,2,1
419567,5,6,1,1,2,1,41,2,1,1
419604,5,2,1,2,1,1,48,2,1,1
419611,5,4,1,5,4,2,69,1,4,1
419710,5,1,1,4,4,1,-9,-9,1,1
419727,5,1,1,3,2,1,65,2,2,1
419819,5,1,1,5,6,1,64,2,2,1
419826,5,2,1,1,1,1,79,1,1,-1
419833,5,1,1,4,3,1,39,2,3,1
419864,5,1,1,4,5,2,48,2,3,1
419871,5,1,1,2,1,1,66,2,2,1
419895,5,1,1,6,7,1,67,1,3,2
419932,5,1,1,4,4,2,24,2,1,2
419956,5,1,1,3,4,2,52,2,3,1
419970,5,2,1,3,1,1,73,1,3,1
419987,5,1,1,2,3,2,69,2,1,-1
420000,5,1,1,6,7,1,55,1,1,2
420109,5,1,1,3,5,1,37,1,2,1
420116,5,4,2,4,6,1,51,2,3,2
420147,5,1,1,7,7,1,24,1,2,2
420161,5,1,1,4,4,2,31,2,2,2
420208,5,-9,-6,-9,-9,-9,-9,-9,-6,-1
420215,5,1,-6,4,6,1,42,1,-6,-1
420239,5,1,1,99,4,1,36,2,3,-1
420246,5,2,1,3,2,1,58,2,3,1
420260,5,6,1,4,3,2,30,2,2,1
420291,5,1,1,6,5,1,26,1,1,1
420338,5,1,1,6,6,1,68,1,4,2
420345,5,1,1,3,1,2,67,2,3,1
420352,5,1,1,99,2,2,62,1,2,1
420376,5,1,1,3,3,2,26,1,3,1
420390,5,2,1,4,3,1,35,2,4,-1
420420,5,1,1,4,6,1,31,2,3,2
420499,5,1,1,4,3,2,33,2,2,1
420505,5,1,1,2,1,2,59,2,2,1
420512,5,1,1,4,5,2,28,1,1,3
420567,5,3,1,6,7,2,39,1,2,-1
420581,5,1,1,3,2,1,19,2,1,1
420635,5,1,-6,4,2,1,-9,2,-6,-1
420659,5,-9,1,6,6,1,46,2,3,-9
420666,5,5,2,6,4,1,62,1,2,1
420673,5,1,1,4,4,1,20,1,4,2
420710,5,1,1,2,1,1,66,2,2,1
420734,5,4,1,4,6,2,41,2,4,-1
420765,5,3,1,5,5,2,42,2,2,2
420772,5,1,1,6,5,2,33,2,2,-1
420789,5,1,1,99,6,2,34,1,4,-1
420826,5,1,1,3,2,2,38,2,2,1
420840,5,6,1,2,2,2,38,2,2,1
420888,5,1,1,2,2,2,66,2,2,1
420918,5,1,1,4,3,1,39,2,2,1
420949,5,1,1,3,2,2,27,1,2,1
420956,5,6,1,99,7,2,65,2,2,2
421003,5,1,1,99,5,2,36,2,3,-1
421034,5,1,1,2,1,2,30,2,2,-1
421058,5,1,1,2,1,2,49,2,1,1
421089,5,1,-7,6,7,1,50,1,-7,-1
421119,5,1,1,7,7,1,80,2,1,2
421126,5,1,1,5,5,1,42,2,2,1
421218,5,1,1,6,7,1,80,1,2,2
421232,5,1,1,4,3,1,72,1,1,-9
421287,5,1,2,2,1,2,45,2,2,-1
421324,5,6,-6,6,7,2,58,1,-6,-1
421331,5,1,1,6,6,1,68,2,2,2
421355,5,3,-6,99,1,2,37,2,-6,-1
421379,5,1,1,5,7,2,62,2,1,2
421430,5,1,1,4,4,2,80,2,2,1
421454,5,1,1,3,3,1,73,1,1,1
421478,5,1,1,4,4,2,79,2,1,1
421508,5,1,2,7,5,1,55,2,3,2
421553,5,1,1,4,4,1,73,1,2,1
421560,5,3,1,3,7,1,80,1,2,-1
421577,5,1,1,2,3,1,47,2,2,1
421584,5,1,1,4,-8,2,21,1,3,1
421591,5,2,1,99,2,1,68,1,2,1
421614,5,2,1,3,1,1,37,2,2,1
421621,5,1,1,4,6,1,61,1,4,2
421652,5,3,1,99,6,2,77,1,3,-1
421669,5,1,1,4,7,1,53,2,1,2
421706,5,5,1,2,3,2,-9,1,2,1
421805,5,1,1,4,1,2,61,2,3,1
421843,5,1,1,2,2,2,43,2,3,1
421898,5,1,2,99,4,1,69,2,3,1
421911,5,1,1,5,2,1,-9,2,1,1
421928,5,1,1,7,7,1,53,2,1,2
421942,5,1,2,6,6,1,55,2,2,1
421966,5,2,1,5,3,1,69,2,4,1
421980,5,1,1,6,7,1,53,2,2,2
421997,5,1,1,6,7,1,64,2,1,2
422020,5,1,1,3,3,2,56,1,2,1
422051,5,1,1,3,1,2,60,2,1,1
422068,5,1,1,6,7,2,-9,1,2,2
422075,5,4,-6,3,4,1,24,1,-6,-1
422082,5,1,1,3,1,2,66,1,2,1
422167,5,1,1,6,7,1,38,1,1,2
422174,5,1,1,5,6,1,-9,2,2,-1
422204,5,1,1,99,1,1,77,2,2,1
422228,5,1,1,6,6,1,75,1,2,2
422235,5,1,1,99,2,2,53,2,3,1
422334,5,4,1,99,7,2,60,1,2,2
422365,5,-9,-6,4,-9,1,-9,2,-6,-1
422372,5,1,1,2,1,2,73,2,2,1
422389,5,1,1,6,7,1,77,1,1,2
422402,5,1,1,7,6,1,32,1,2,2
422426,5,6,1,4,4,1,40,1,3,-1
422464,5,1,-6,4,4,2,42,2,-6,-1
422471,5,1,-6,4,4,2,60,2,-6,-1
422495,5,3,1,99,1,1,53,2,1,1
422525,5,1,1,99,1,2,65,2,3,1
422549,5,2,1,2,1,1,42,2,1,1
422563,5,1,1,1,1,1,60,2,1,1
422587,5,1,1,4,4,2,59,2,2,-1
422594,5,1,1,2,1,2,76,2,1,1
422617,5,3,1,7,7,2,55,1,1,2
422693,5,1,1,2,1,2,44,1,1,1
422709,5,1,1,2,2,1,-9,1,1,1
422730,5,5,1,99,4,1,66,1,1,4
422754,5,1,1,5,7,1,62,1,1,2
422761,5,1,1,6,5,1,75,1,-5,2
422778,5,4,1,2,1,2,35,1,1,1
422808,5,2,1,4,3,2,47,2,2,1
422815,5,1,1,2,6,1,52,1,2,2
422822,5,1,1,2,1,1,61,2,2,1
422846,5,1,1,2,3,2,27,2,-5,1
422853,5,3,1,4,3,2,43,1,2,2
422884,5,1,1,3,1,2,29,1,1,1
422976,5,1,1,7,7,2,73,2,1,2
423016,5,1,1,2,4,2,54,2,3,2
423047,5,1,1,4,4,1,50,2,3,2
423078,5,1,1,3,2,2,56,2,2,1
423085,5,1,-6,6,7,2,76,1,-6,-1
423108,5,1,2,7,7,1,-9,1,3,2
423115,5,1,1,6,7,1,40,-9,3,2
423122,5,1,1,3,1,2,68,1,1,1
423153,5,1,1,6,7,2,63,1,1,2
423177,5,1,1,6,6,2,64,1,2,2
423184,5,1,-6,3,1,2,59,2,-6,-1
423207,5,6,1,1,1,2,25,2,2,1
423214,5,1,1,4,5,2,29,1,2,-1
423245,5,3,1,4,1,1,68,1,2,1
423269,5,1,-6,5,5,1,36,1,-6,-1
423276,5,1,1,3,3,2,56,2,2,1
423283,5,1,1,4,4,1,80,2,2,1
423290,5,1,1,7,7,1,-9,1,2,2
423368,5,1,1,4,6,2,24,1,1,1
423375,5,1,1,4,4,1,32,2,2,1
423443,5,1,1,4,2,2,-9,2,4,-1
423467,5,-9,1,99,4,2,-9,-9,2,-1
423474,5,2,1,4,7,1,26,2,2,1
423504,5,6,1,4,3,1,64,2,2,-1
423511,5,1,1,5,3,1,80,1,2,1
423528,5,1,1,7,7,2,59,2,2,2
423573,5,1,1,3,1,1,79,1,2,1
423580,5,1,1,99,4,2,39,1,-5,-1
423597,5,1,1,4,5,1,80,2,2,1
423610,5,1,1,2,3,2,23,2,3,1
423627,5,1,1,2,1,2,65,2,1,1
423665,5,3,1,2,3,2,62,1,2,1
423696,5,4,1,6,1,2,63,2,4,-1
423726,5,1,-6,6,5,2,-9,1,-6,-1
423757,5,2,1,3,3,1,28,2,3,1
423771,5,3,-6,99,7,1,62,2,-6,-1
423788,5,1,1,2,1,1,80,1,1,1
423795,5,1,1,6,7,1,65,2,1,2
423801,5,1,1,1,2,2,38,1,1,1
423818,5,1,1,6,6,2,41,1,3,2
423832,5,2,1,99,3,2,33,1,3,-1
423856,5,1,1,3,3,1,64,1,1,-1
423870,5,1,1,6,7,2,46,1,1,2
423894,5,1,1,99,7,1,80,1,3,2
423917,5,3,2,4,3,1,61,1,3,-1
423955,5,5,1,4,3,2,80,2,2,1
423993,5,6,1,4,5,1,31,2,2,-1
424026,5,2,2,2,4,1,23,2,3,1
424040,5,1,1,4,4,2,63,2,1,1
424057,5,2,1,3,3,1,47,2,3,1
424071,5,1,1,1,1,2,69,2,2,1
424095,5,1,1,3,2,2,48,2,1,-1
424170,5,1,2,6,4,2,66,1,2,2
424200,5,1,1,6,7,1,58,1,2,2
424224,5,1,-6,4,4,2,51,2,-6,-1
424231,5,2,1,2,1,1,68,2,2,1
424323,5,1,1,6,7,1,56,2,2,2
424347,5,1,2,99,7,1,73,1,2,2
424385,5,1,1,1,1,2,46,1,1,1
424439,5,1,1,6,7,2,59,1,2,2
424453,5,1,1,99,7,1,66,2,2,2
424477,5,4,1,6,6,1,20,1,2,1
424521,5,1,-6,2,3,2,27,2,-6,-1
424545,5,1,1,6,5,1,-9,2,2,2
424569,5,3,1,1,1,1,60,1,1,1
424590,5,6,1,4,4,2,78,1,1,1
424613,5,1,1,6,7,2,52,2,2,2
424620,5,-9,-7,7,7,1,-9,-9,-7,2
424651,5,1,1,99,2,1,72,1,3,1
424668,5,6,1,4,3,1,29,2,3,-1
424682,5,5,1,4,6,1,45,1,2,2
424712,5,1,1,6,5,2,74,1,2,-1
424835,5,1,1,6,7,2,63,1,2,-1
424842,5,1,1,2,1,2,47,2,1,1
424859,5,1,1,5,4,1,65,1,2,1
424873,5,1,1,5,7,1,71,1,2,2
424880,5,1,1,4,4,2,37,1,2,-1
424927,5,1,1,5,6,2,20,1,4,2
424934,5,4,1,4,7,1,80,1,2,2
424941,5,-9,1,4,5,1,47,1,1,2
424958,5,1,2,4,7,2,68,1,4,2
424972,5,3,1,4,5,2,44,2,3,2
425005,5,1,1,99,3,1,59,1,1,1
425029,5,1,1,3,2,2,70,1,1,1
425074,5,1,1,4,1,2,73,1,1,1
425081,5,3,1,4,5,1,26,1,4,2
425098,5,1,2,1,7,2,25,1,1,-1
425128,5,1,1,2,1,1,22,2,2,1
425135,5,1,1,2,1,1,71,2,1,1
425197,5,1,1,5,7,1,41,2,2,2
425227,5,3,1,99,3,2,20,1,3,1
425258,5,6,1,2,1,2,76,1,2,1
425319,5,1,-6,6,7,1,60,2,-6,-1
425326,5,1,1,7,7,2,33,2,2,2
425388,5,6,1,2,3,2,38,1,1,1
425432,5,1,2,99,4,2,20,1,4,-1
425449,5,1,1,4,4,1,76,2,2,1
425487,5,3,1,3,2,1,22,2,2,-1
425494,5,1,-6,4,2,2,64,2,-6,2
425517,5,1,-6,4,5,1,21,1,-6,-1
425531,5,1,1,3,1,1,80,1,1,1
425548,5,1,1,3,2,1,37,2,1,1
425555,5,3,-6,4,4,1,69,2,-6,2
425579,5,1,1,5,5,1,47,1,3,2
425593,5,1,1,3,2,2,59,1,1,1
425609,5,2,1,3,1,1,77,2,3,1
425661,5,4,-6,4,3,2,58,2,-6,-1
425678,5,3,1,3,3,2,50,2,1,1
425692,5,5,1,4,2,2,35,2,2,-1
425708,5,1,1,99,7,2,52,1,3,2
425746,5,1,1,5,7,1,56,1,3,1
425753,5,1,1,3,4,2,62,1,2,2
425791,5,3,1,5,6,1,49,2,1,-1
425807,5,1,1,3,2,2,27,1,3,1
425845,5,1,1,6,5,1,51,2,2,2
425876,5,1,1,4,4,2,31,2,2,-1
425913,5,3,1,3,2,2,34,2,2,1
425920,5,1,-6,5,6,2,29,1,-6,-1
425951,5,6,1,99,2,1,40,1,2,1
425975,5,2,1,4,3,1,50,2,2,1
425982,5,1,-6,3,4,2,29,1,-6,-1
426046,5,1,-6,6,7,2,73,2,-6,2
426107,5,2,1,4,4,2,42,1,2,-1
426114,5,1,1,1,3,2,37,2,1,1
426152,5,1,-7,3,1,1,80,1,-7,-1
426176,5,4,1,5,5,1,61,1,2,2
426206,5,1,1,4,1,1,50,2,2,1
426220,5,1,1,4,5,1,62,1,3,-1
426237,5,1,1,5,6,1,64,1,2,2
426251,5,1,1,6,7,1,40,2,2,2
426268,5,6,1,3,4,2,29,1,1,1
426282,5,1,1,2,7,2,-9,2,4,2
426299,5,2,1,4,3,1,69,1,2,1
426312,5,1,1,3,1,2,63,1,2,1
426336,5,2,-6,6,7,1,80,1,-6,-1
426343,5,1,1,6,7,1,69,1,2,2
426374,5,1,1,6,7,1,-9,2,2,2
426381,5,1,1,1,2,2,26,1,3,1
426404,5,1,1,2,1,1,59,2,2,1
426411,5,2,1,99,4,1,-9,2,4,-9
426435,5,1,1,99,2,1,65,1,1,2
426473,5,1,-6,6,7,1,39,1,-6,-1
426497,5,1,1,6,6,1,73,1,1,2
426503,5,2,1,99,3,2,51,2,2,1
426541,5,2,1,99,5,2,51,1,3,3
426558,5,1,1,3,3,2,64,2,2,1
426572,5,1,1,3,3,1,46,2,3,1
426602,5,3,1,2,1,2,-9,1,1,1
426633,5,1,-6,4,5,2,49,1,-6,-1
426640,5,6,-6,1,1,2,46,2,-6,-1
426688,5,5,2,4,3,2,31,2,2,1
426718,5,1,1,99,4,1,62,2,2,2
426756,5,1,1,3,2,1,46,1,2,1
426763,5,2,2,4,4,2,41,1,3,-1
426817,5,1,1,2,1,2,63,2,1,1
426824,5,5,1,99,1,2,-9,1,2,1
426848,5,2,-6,4,3,2,55,1,-6,-1
426855,5,1,1,4,5,2,34,2,2,1
426862,5,1,1,3,1,1,72,2,1,1
426879,5,1,1,1,3,2,68,2,2,1
426947,5,1,1,6,6,2,55,1,3,2
427018,5,4,1,3,2,2,35,1,2,1
427063,5,1,1,5,5,1,60,1,4,-1
427070,5,1,1,5,1,2,64,1,3,1
427087,5,1,-6,99,4,2,21,2,-6,-1
427124,5,1,1,3,1,1,46,2,3,1
427179,5,1,1,4,4,1,25,1,3,1
427223,5,5,-6,99,2,-9,75,2,-6,-1
427247,5,2,2,99,1,2,50,2,4,5
427278,5,1,1,4,4,2,41,1,3,-1
427285,5,1,1,1,1,2,33,2,2,1
427292,5,2,1,99,1,1,70,2,2,1
427339,5,3,1,6,7,1,36,1,2,2
427353,5,1,1,2,1,2,20,1,1,1
427452,5,1,1,4,6,2,53,2,3,-1
427469,5,1,1,2,3,2,33,2,2,1
427476,5,1,1,6,6,1,24,1,4,2
427490,5,1,1,4,5,2,49,2,2,2
427568,5,2,1,99,2,2,41,2,2,1
427582,5,1,1,6,7,1,71,1,1,2
427643,5,1,1,7,7,1,80,1,1,2
427674,5,1,1,2,2,2,26,2,2,1
427698,5,1,1,2,1,2,80,1,1,1
427704,5,5,-6,99,4,1,40,2,-6,-1
427711,5,1,-6,4,4,1,80,1,-6,-1
427728,5,1,-6,5,3,1,49,1,-6,-1
427742,5,4,1,4,6,1,36,1,2,1
427759,5,1,1,2,1,2,57,1,1,1
427766,5,3,2,6,4,1,29,2,1,-1
427773,5,3,-6,4,4,1,34,2,-6,-1
427803,5,1,1,5,6,1,63,2,2,2
427865,5,3,2,99,1,1,18,1,3,-1
427902,5,1,-6,5,5,1,41,1,-6,-1
427919,5,-9,1,7,7,2,-9,1,1,2
427933,5,1,1,6,7,2,30,2,2,2
427964,5,1,1,6,7,1,36,2,2,-1
427988,5,1,1,6,6,2,-9,1,2,2
428035,5,-9,-6,3,2,2,28,-9,-6,-1
428059,5,2,1,99,4,1,54,1,4,-1
428066,5,3,1,6,7,2,37,2,1,2
428080,5,1,1,4,7,1,78,2,3,-9
428110,5,6,1,6,7,2,38,2,3,2
428165,5,6,1,3,3,2,28,2,1,1
428189,5,4,1,3,1,2,41,2,1,1
428219,5,1,1,4,7,2,57,1,2,2
428233,5,1,1,5,5,1,-9,1,3,2
428240,5,1,1,99,5,1,36,2,3,2
428257,5,2,1,99,1,1,76,1,2,1
428264,5,4,1,99,4,-9,33,1,1,-1
428295,5,1,1,5,5,2,51,1,2,2
428349,5,2,1,3,2,1,59,1,2,1
428363,5,1,1,2,1,1,69,2,1,1
428370,5,1,1,2,1,2,64,2,2,1
428417,5,2,1,99,1,1,67,2,2,1
428448,5,1,1,6,7,1,77,1,1,2
428516,5,1,1,5,4,2,34,2,2,3
428523,5,1,1,99,3,2,57,2,3,1
428622,5,1,1,3,1,2,72,2,2,1
428646,5,1,1,4,4,1,42,1,4,2
428660,5,1,-6,4,5,2,26,2,-6,-1
428677,5,1,1,99,7,2,69,1,3,2
428707,5,3,1,4,6,2,46,2,2,1
428721,5,1,1,2,1,2,36,1,1,1
428738,5,1,1,2,2,2,69,1,2,1
428752,5,3,1,4,4,1,50,1,2,2
428776,5,1,1,3,1,1,49,2,2,1
428783,5,1,1,7,7,1,50,1,2,2
428790,5,1,2,5,7,2,46,2,3,2
428844,5,1,-6,2,2,1,24,2,-6,-1
428851,5,2,1,4,1,1,71,2,2,1
428875,5,1,1,99,2,2,76,1,2,1
428882,5,1,1,1,3,2,25,1,1,1
428899,5,1,1,4,4,2,28,2,3,-1
428912,5,1,1,1,3,2,37,2,3,-1
428943,5,2,1,99,1,1,70,2,3,1
428981,5,1,1,4,4,2,45,2,4,-1
428998,5,1,1,6,7,2,62,2,2,2
429038,5,1,1,3,3,1,46,1,1,1
429045,5,1,1,5,6,2,65,2,3,2
429069,5,1,1,2,1,2,65,2,1,1
429083,5,1,1,2,3,2,44,1,2,1
429106,5,1,1,1,2,2,28,2,3,1
429168,5,1,-6,2,1,2,31,2,-6,-1
429199,5,2,1,99,4,2,30,1,3,1
429236,5,1,1,6,5,1,80,2,2,2
429243,5,1,1,3,4,2,41,2,3,-1
429250,5,1,1,3,2,2,58,2,1,1
429328,5,1,1,5,6,1,29,1,2,2
429335,5,1,1,5,5,2,78,2,2,2
429366,5,1,1,2,1,2,50,1,2,1
429373,5,6,2,4,4,2,35,2,4,-1
429397,5,1,1,6,5,1,75,1,2,1
429410,5,1,1,5,6,1,60,2,3,1
429434,5,2,1,4,1,1,45,2,1,1
429441,5,2,1,99,1,1,74,2,2,1
429489,5,1,1,6,7,1,44,2,2,2
429519,5,1,1,6,5,1,35,1,1,5
429533,5,1,1,6,7,2,66,2,2,2
429557,5,1,1,2,3,2,25,2,3,1
429564,5,1,1,6,5,1,35,1,2,2
429571,5,1,1,7,7,1,19,2,-5,-1
429618,5,2,1,7,1,1,-9,2,2,1
429649,5,1,1,4,4,1,75,2,3,-1
429656,5,1,1,7,7,1,80,1,1,2
429670,5,1,1,6,5,2,37,1,3,2
429717,5,6,-6,5,3,2,36,2,-6,-1
429724,5,1,1,7,7,1,63,2,1,2
429731,5,3,1,4,1,2,-9,1,2,1
429762,5,1,1,3,3,2,28,2,1,1
429779,5,4,-6,5,4,1,-9,1,-6,-1
429816,5,1,1,3,4,2,71,1,2,1
429847,5,1,-6,5,7,2,62,1,-6,-1
429861,5,2,1,4,1,1,59,1,2,-1
429878,5,1,1,6,6,2,49,2,2,2
429885,5,5,1,2,1,2,61,1,1,2
429946,5,1,1,3,2,2,30,1,1,1
429953,5,1,1,4,6,1,75,1,1,5
429984,5,1,1,7,7,1,68,1,1,-1
430021,5,2,1,5,1,2,48,1,2,1
430038,5,1,1,2,2,2,27,1,2,1
430045,5,1,1,3,3,2,72,2,1,1
430113,5,4,1,3,2,1,36,2,3,1
430168,5,1,-6,5,7,2,29,2,-6,-1
430182,5,1,1,2,3,1,72,1,2,1
430199,5,3,1,99,5,1,-9,1,2,5
430212,5,1,1,3,2,1,-9,2,2,1
430243,5,1,1,5,6,2,24,2,3,1
430298,5,1,1,5,6,2,44,2,3,2
430328,5,1,1,3,4,2,27,2,3,-1
430335,5,2,1,5,5,1,50,1,3,2
430359,5,1,1,7,7,1,54,2,2,2
430380,5,1,1,99,6,1,30,2,2,2
430397,5,1,-6,7,7,2,34,2,-6,-1
430403,5,1,1,5,4,1,-9,1,4,-1
430410,5,1,-6,6,5,2,48,1,-6,-1
430434,5,1,1,2,3,2,74,2,2,1
430458,5,2,2,3,3,1,50,1,3,1
430465,5,1,1,6,7,1,56,1,2,2
430496,5,1,1,6,7,1,78,2,2,2
430502,5,1,1,4,3,2,45,1,2,1
430526,5,3,1,99,7,2,40,1,3,-1
430533,5,1,1,2,1,2,41,2,2,1
430540,5,1,1,3,1,2,36,1,3,1
430601,5,1,1,99,1,2,77,2,3,1
430670,5,3,1,4,6,1,50,1,2,-1
430700,5,1,1,99,4,2,48,1,3,-1
430724,5,1,1,3,1,1,68,2,2,1
430731,5,1,1,5,7,2,50,2,1,2
430748,5,3,1,99,2,2,18,2,2,1
430762,5,1,1,2,1,1,67,2,1,1
430847,5,3,2,99,2,1,39,2,3,1
430861,5,1,1,3,2,1,52,2,3,-1
430878,5,1,1,3,3,2,73,2,4,1
430892,5,1,1,6,7,1,67,1,2,2
430915,5,1,1,6,5,1,65,1,1,1
430922,5,1,1,5,5,2,30,1,2,1
430939,5,1,1,6,7,1,71,2,2,2
430946,5,1,1,1,4,2,55,1,2,-1
430984,5,1,1,99,4,2,46,1,1,4
430991,5,1,1,4,6,1,24,2,1,1
431017,5,1,1,99,5,2,34,2,3,3
431031,5,1,1,4,2,2,65,1,2,1
431055,5,1,1,7,2,1,80,2,1,2
431079,5,2,-6,4,3,2,52,2,-6,-1
431086,5,3,-6,4,5,2,23,1,-6,-1
431093,5,3,2,99,7,1,50,1,2,2
431116,5,1,1,3,3,1,45,1,2,1
431123,5,1,1,4,2,2,65,2,2,2
431147,5,1,1,2,1,2,37,1,2,1
431161,5,1,-6,4,2,1,29,1,-6,-1
431178,5,1,1,2,1,1,79,1,1,1
431208,5,1,1,3,1,2,67,2,2,1
431222,5,1,-6,6,7,2,-9,2,-6,-1
431239,5,3,-6,7,7,2,50,1,-6,-1
431253,5,1,1,99,7,2,-9,1,4,2
431277,5,1,1,4,3,2,71,2,2,1
431314,5,2,1,3,6,2,37,2,2,1
431345,5,4,1,2,1,2,38,1,1,1
431352,5,1,2,6,5,2,44,2,1,2
431420,5,1,1,6,5,1,37,2,3,2
431499,5,1,1,6,7,1,50,1,2,2
431505,5,1,1,4,3,2,45,1,2,5
431512,5,3,-6,2,1,2,41,2,-6,-1
431536,5,1,1,1,7,1,-9,2,2,-1
431581,5,1,1,1,1,2,73,1,2,1
431598,5,2,1,99,2,2,23,2,3,1
431611,5,3,1,4,1,1,59,1,1,-1
431628,5,-9,2,99,-9,-9,-9,-9,-9,2
431635,5,1,-6,3,2,2,39,2,-6,-1
431710,5,1,1,99,5,1,67,2,2,2
431727,5,1,1,99,6,-9,46,1,3,-1
431734,5,1,1,4,4,2,67,1,3,1
431758,5,1,1,6,7,1,54,2,2,-1
431765,5,1,2,4,2,1,59,2,3,-9
431772,5,1,1,4,2,2,80,1,2,1
431789,5,1,1,2,3,2,26,2,1,1
431796,5,2,2,4,2,2,18,2,2,1
431857,5,1,-6,6,7,1,62,1,-6,-1
431901,5,1,1,2,1,2,37,2,1,1
431918,5,2,1,2,1,2,32,1,3,1
431987,5,1,1,4,7,2,54,1,2,2
432065,5,1,-7,3,3,1,34,2,-7,-1
432119,5,1,1,99,7,1,60,1,2,-1
432126,5,1,1,6,7,1,74,1,1,2
432140,5,-9,1,3,4,2,34,1,3,5
432164,5,1,1,6,7,1,62,1,1,2
432225,5,1,1,99,7,2,36,2,4,2
432232,5,1,1,4,1,2,44,2,2,1
432249,5,1,1,4,3,2,57,1,2,1
432263,5,1,2,99,3,2,74,2,3,-1
432294,5,2,2,2,3,2,44,1,2,-1
432300,5,1,1,99,2,1,45,2,3,-9
432317,5,1,1,3,3,2,30,2,3,-1
432386,5,1,1,3,3,2,24,1,2,-1
432393,5,1,1,5,4,1,63,2,3,2
432423,5,1,1,6,7,1,66,2,1,2
432492,5,5,1,2,5,1,54,2,3,2
432508,5,1,1,2,1,2,75,1,2,1
432522,5,1,1,99,3,2,31,1,4,1
432546,5,1,1,3,1,1,58,2,-5,1
432553,5,1,1,6,6,1,45,1,2,2
432560,5,6,1,4,1,2,74,1,2,1
432584,5,1,1,2,1,2,29,1,2,1
432591,5,1,1,2,1,2,32,2,2,1
432607,5,1,1,99,3,2,35,1,2,1
432614,5,1,1,3,3,2,63,1,1,1
432713,5,6,-6,5,6,2,32,1,-6,-1
432737,5,2,-6,99,1,1,35,2,-6,-1
432744,5,1,1,2,1,2,68,2,1,1
432751,5,1,1,6,5,1,31,1,2,2
432775,5,1,1,1,3,1,50,1,2,1
432805,5,1,1,5,5,1,77,1,2,2
432850,5,4,1,99,2,1,41,1,3,1
432867,5,1,1,3,3,2,37,1,1,1
432898,5,2,1,4,6,2,50,1,3,1
432904,5,1,1,4,4,2,40,2,4,-1
432911,5,1,1,4,3,2,35,2,1,1
432928,5,1,1,4,5,2,25,1,2,2
432959,5,1,1,2,1,2,30,2,2,5
432980,5,1,-6,99,7,2,65,2,-6,-1
433020,5,2,1,99,1,1,68,2,2,1
433051,5,1,-6,4,3,2,53,2,-6,-1
433112,5,1,1,4,5,1,78,2,2,1
433129,5,1,1,2,2,1,40,1,2,1
433136,5,1,1,7,7,1,47,1,2,2
433143,5,1,-6,4,3,2,44,1,-6,-1
433150,5,1,1,6,7,1,66,2,2,2
433167,5,1,1,99,2,1,76,1,2,1
433174,5,1,-6,4,2,2,67,1,-6,-1
433181,5,5,2,4,4,1,-9,2,3,5
433242,5,1,1,2,3,2,68,1,1,1
433327,5,3,1,99,1,1,76,2,4,1
433341,5,3,1,6,6,1,64,2,2,-9
433358,5,1,1,2,3,2,29,2,2,1
433365,5,3,1,4,4,2,44,1,1,1
433402,5,1,1,99,4,2,36,2,4,2
433433,5,1,1,99,7,1,52,2,2,2
433464,5,3,1,5,2,1,33,1,-5,1
433495,5,1,1,3,6,-9,51,2,4,2
433549,5,3,1,99,1,2,25,2,2,1
433594,5,1,1,6,6,1,66,2,2,2
433600,5,2,-6,3,1,1,38,1,-6,1
433617,5,3,1,6,6,1,42,1,2,2
433624,5,1,1,7,7,2,65,1,1,2
433648,5,1,2,99,-9,-9,55,2,4,-1
433655,5,1,1,3,3,1,20,2,2,1
433662,5,1,1,4,4,1,75,1,3,2
433686,5,2,1,4,3,2,26,2,4,-1
433693,5,1,1,7,5,1,36,2,1,2
433730,5,6,1,4,2,2,34,2,2,-1
433747,5,1,1,3,2,2,39,2,4,1
433785,5,3,1,6,7,1,21,2,4,-1
433792,5,1,1,2,1,2,38,2,3,1
433808,5,1,-6,2,1,2,34,1,-6,-1
433815,5,1,2,99,2,2,67,1,4,1
433839,5,5,2,99,4,2,63,1,3,-1
433846,5,2,1,5,6,1,41,1,2,1
433853,5,1,-6,3,3,1,75,1,-6,-1
433860,5,1,1,2,1,1,68,2,1,1
433938,5,1,2,3,1,1,73,2,2,1
433945,5,3,2,99,4,2,20,1,3,1
433952,5,1,1,2,2,2,31,2,2,1
434016,5,6,1,3,3,2,34,2,3,1
434030,5,3,1,5,7,1,32,2,2,2
434047,5,4,1,2,4,1,50,2,4,1
434078,5,1,1,4,4,2,-9,2,1,1
434108,5,3,1,6,7,2,33,1,2,2
434122,5,1,1,7,7,1,65,2,2,2
434146,5,1,1,6,7,1,71,2,2,2
434160,5,1,1,99,6,2,34,1,4,1
434177,5,1,1,99,2,2,54,1,4,-1
434207,5,1,2,4,7,1,66,2,2,-1
434214,5,1,2,4,4,1,44,1,-5,1
434245,5,1,-6,6,7,2,52,1,-6,-1
434269,5,2,-6,4,1,1,70,2,-6,-1
434283,5,1,2,99,2,2,34,2,3,2
434337,5,1,1,6,6,2,43,1,2,2
434399,5,3,2,4,4,2,36,2,3,-1
434436,5,1,1,4,4,1,58,1,2,1
434450,5,4,2,4,2,1,-9,2,4,2
434474,5,1,1,4,2,1,75,2,2,1
434481,5,1,1,4,4,1,53,2,3,2
434535,5,3,1,4,1,1,65,1,2,1
434542,5,2,1,99,2,2,52,2,3,1
434566,5,1,1,2,2,2,35,1,1,1
434597,5,1,1,99,7,2,63,1,1,2
434658,5,1,1,6,5,1,28,1,3,-9
434696,5,1,1,3,4,2,33,1,1,-1
434740,5,1,1,6,7,2,57,2,2,2
434757,5,1,-6,99,4,1,65,2,-6,-1
434764,5,3,2,2,6,2,65,2,4,2
434771,5,1,1,99,3,2,48,2,1,1
434788,5,2,1,4,3,2,25,2,4,1
434818,5,1,1,5,7,1,64,2,2,2
434825,5,1,1,4,1,1,80,1,2,1
434832,5,2,1,1,2,1,49,2,2,-1
434856,5,1,1,4,1,2,67,1,1,1
434900,5,1,1,4,3,1,59,1,2,1
434924,5,1,1,6,7,2,39,1,4,2
434931,5,1,1,4,3,1,61,2,2,-1
434955,5,1,1,99,4,2,40,2,4,-1
434962,5,1,1,4,6,1,52,2,3,1
434979,5,1,1,4,2,2,46,1,3,1
434986,5,1,1,6,7,1,51,2,2,2
434993,5,1,1,3,1,1,-9,2,1,1
435026,5,1,1,7,7,1,63,1,2,2
435040,5,3,1,6,6,2,31,1,2,-1
435071,5,1,1,6,7,1,80,2,2,2
435101,5,3,1,6,7,1,80,2,2,2
435125,5,1,1,2,1,2,51,2,1,1
435194,5,1,1,5,4,1,59,2,3,-1
435200,5,3,1,99,1,2,55,2,-5,1
435231,5,1,-6,3,7,1,29,2,-6,-1
435323,5,2,1,3,3,1,20,2,-5,-1
435330,5,4,2,99,1,2,80,1,2,2
435460,5,1,1,5,6,1,47,1,2,-1
435491,5,1,1,3,1,2,28,2,2,1
435507,5,1,1,6,7,2,48,1,1,2
435514,5,2,1,1,1,1,63,1,1,1
435538,5,1,2,99,5,2,33,2,4,-1
435552,5,1,1,2,1,1,55,2,1,1
435576,5,1,1,2,3,2,29,2,2,1
435613,5,5,1,4,7,1,51,1,2,-1
435620,5,3,1,5,6,1,38,2,2,1
435637,5,3,-6,6,7,1,-9,2,-6,-1
435644,5,1,1,7,7,1,80,2,2,2
435736,5,1,1,4,6,1,34,1,2,1
435859,5,1,2,3,2,2,43,1,2,-1
435866,5,1,1,2,6,2,41,1,2,1
435873,5,1,1,5,5,1,51,1,1,2
435880,5,1,1,7,7,2,58,1,1,2
435941,5,2,-6,99,4,2,35,2,-6,-1
435958,5,1,1,5,6,1,55,2,4,2
435965,5,3,1,2,1,2,35,2,2,1
435972,5,3,1,1,3,2,38,2,1,1
436036,5,1,1,4,3,2,39,2,3,1
436043,5,3,1,7,7,1,39,2,1,2
436050,5,1,1,1,1,2,60,1,1,-1
436067,5,3,1,6,7,1,56,2,3,2
436074,5,3,-6,99,2,1,60,2,-6,-1
436159,5,-9,1,99,-9,-9,-9,-9,2,1
436166,5,4,1,3,2,1,32,2,2,1
436241,5,1,1,2,2,1,24,2,2,1
436289,5,1,1,99,4,1,42,2,4,-1
436296,5,1,1,4,6,2,72,1,1,1
436302,5,3,1,2,2,2,35,2,2,1
436333,5,-9,1,7,7,1,-9,-9,1,2
436357,5,2,2,4,1,2,30,2,2,1
436418,5,1,1,6,7,2,60,2,2,2
436524,5,1,1,4,1,1,71,1,1,1
436531,5,1,1,4,2,2,63,1,2,1
436579,5,1,1,6,6,1,33,2,2,2
436609,5,1,1,7,7,2,27,2,1,2
436678,5,1,1,6,7,1,44,2,2,2
436708,5,1,1,1,1,2,62,1,1,1
436753,5,1,1,6,7,2,80,1,1,2
436784,5,2,1,2,3,2,63,1,1,1
436814,5,1,1,7,7,1,43,2,2,2
436821,5,1,-6,6,7,2,78,1,-6,-1
436883,5,1,-6,7,7,1,73,1,-6,-1
436906,5,4,1,2,1,2,18,1,2,1
436920,5,1,1,2,2,1,31,2,2,1
436937,5,3,1,1,1,2,19,2,2,-1
436975,5,1,2,7,7,2,70,1,2,2
437008,5,1,1,4,6,1,35,2,3,1
437039,5,1,2,2,1,1,74,2,2,-1
437077,5,1,1,7,7,1,37,1,2,-1
437107,5,3,1,4,2,1,37,2,2,-1
437121,5,1,1,3,3,2,73,1,2,1
437145,5,1,1,4,4,2,57,1,2,-1
437169,5,3,1,4,4,2,21,2,2,1
437183,5,3,1,4,5,2,29,1,3,3
437190,5,1,1,6,7,1,52,2,2,2
437237,5,1,1,4,6,2,33,1,3,2
437299,5,1,1,4,4,1,40,1,3,4
437374,5,1,2,1,1,1,80,1,2,1
437398,5,4,1,1,3,2,30,2,2,1
437435,5,1,1,99,1,2,29,2,2,1
437459,5,1,1,4,6,2,40,1,3,2
437473,5,1,1,2,1,1,74,2,1,1
437480,5,1,1,2,2,2,25,1,2,-1
437497,5,1,1,6,7,1,64,1,1,2
437527,5,1,1,2,2,2,50,2,2,1
437541,5,2,1,4,2,1,48,1,4,1
437572,5,2,2,99,5,2,25,2,4,-1
437596,5,1,1,5,4,1,80,2,3,3
437657,5,2,-6,4,7,1,60,2,-6,-1
437688,5,1,1,4,7,2,72,1,2,1
437718,5,2,1,2,1,1,69,1,1,1
437749,5,5,1,5,4,1,19,2,3,-9
437763,5,1,1,3,1,2,80,2,1,1
437947,5,2,1,99,3,2,49,1,3,1
437954,5,4,1,6,7,1,54,1,2,2
437961,5,1,1,3,2,2,46,2,2,1
437985,5,1,1,4,1,1,80,2,1,1
437992,5,1,1,99,4,1,29,2,2,2
438025,5,1,2,4,4,2,27,-9,3,-1
438032,5,3,2,99,4,2,23,2,1,-1
438049,5,4,1,6,7,1,-9,1,2,2
438056,5,1,1,6,4,1,-9,2,4,-1
438087,5,1,1,6,7,1,77,2,2,2
438131,5,1,1,4,5,2,68,1,3,-1
438148,5,1,1,6,5,1,77,2,2,2
438162,5,1,1,6,7,1,80,2,2,2
438186,5,1,1,6,7,2,68,2,2,2
438254,5,1,1,2,2,2,73,1,4,1
438261,5,3,1,2,3,2,36,2,2,1
438308,5,1,1,5,5,1,26,1,2,2
438322,5,5,1,5,6,1,46,2,2,-9
438339,5,1,1,5,5,1,55,2,2,-1
438346,5,1,1,4,5,2,35,1,1,2
438353,5,1,1,3,3,2,41,2,2,4
438384,5,2,1,3,1,1,26,2,3,1
438414,5,1,1,4,3,2,-9,2,1,1
438421,5,-9,-6,-9,6,1,65,1,-6,-1
438476,5,1,-6,7,7,1,80,2,-6,-1
438490,5,4,1,1,3,2,59,1,1,4
438506,5,1,1,5,4,1,58,1,1,1
438513,5,1,2,5,5,1,45,1,3,2
438551,5,1,1,4,1,1,-9,-9,1,1
438568,5,2,1,99,1,1,53,1,4,1
438575,5,1,1,3,4,-9,-9,1,2,1
438599,5,1,1,2,1,1,41,2,1,1
438629,5,1,1,1,1,2,34,1,1,1
438636,5,3,1,3,1,1,36,2,1,1
438650,5,1,1,6,7,2,-9,2,2,1
438735,5,1,1,6,6,2,69,2,3,2
438742,5,3,1,4,1,2,29,2,2,1
438766,5,1,1,2,5,2,30,1,1,1
438834,5,1,2,5,5,2,66,1,2,3
438872,5,1,1,2,1,2,75,1,2,1
438889,5,2,1,99,1,2,69,1,3,1
438933,5,1,1,7,5,2,73,1,2,2
438940,5,2,1,99,1,1,52,2,2,1
438957,5,1,1,4,6,1,32,2,3,2
438995,5,1,1,7,7,1,76,1,1,2
439004,5,1,1,5,7,1,55,2,2,2
439028,5,5,-6,6,7,2,80,2,-6,-1
439042,5,1,1,6,7,1,28,2,1,2
439059,5,3,1,2,1,2,49,1,1,1
439073,5,1,1,7,7,1,52,1,2,2
439097,5,1,1,4,6,1,68,2,2,1
439127,5,1,1,99,6,1,19,2,4,1
439141,5,6,1,99,4,2,80,1,2,-1
439158,5,4,1,2,1,1,51,1,2,1
439165,5,1,1,6,7,1,77,2,3,2
439219,5,1,-6,2,4,2,64,1,-6,-1
439226,5,1,1,6,7,1,65,1,2,2
439257,5,1,1,4,7,1,33,2,3,2
439301,5,1,1,2,1,2,30,2,2,1
439325,5,1,1,6,7,1,38,2,2,2
439332,5,1,1,2,1,1,66,1,2,1
439349,5,1,1,6,6,1,20,2,3,2
439387,5,1,1,6,7,2,80,2,1,2
439417,5,1,1,6,7,2,72,2,1,2
439455,5,1,1,3,3,1,67,2,2,1
439462,5,1,1,6,7,1,48,2,2,2
439509,5,6,1,2,2,2,21,1,3,1
439516,5,5,1,4,5,2,78,1,4,2
439530,5,1,1,4,6,2,34,2,4,3
439547,5,1,1,6,7,2,80,2,1,2
439561,5,6,-6,4,2,1,34,2,-6,-1
439585,5,1,1,6,7,1,41,2,2,2
439608,5,1,1,1,3,2,73,2,2,1
439646,5,3,1,4,6,1,38,1,2,1
439677,5,1,2,4,5,2,69,2,3,2
439721,5,1,1,6,7,1,76,1,1,2
439769,5,1,1,5,5,2,53,1,2,2
439776,5,1,1,6,7,1,49,1,2,2
439806,5,1,-6,3,3,2,40,1,-6,1
439837,5,1,1,3,1,1,80,2,1,1
439844,5,1,1,1,4,2,28,1,1,-1
439868,5,1,1,5,7,1,57,1,1,2
439899,5,1,1,3,1,1,71,2,1,1
439912,5,1,1,1,2,2,38,1,3,1
439929,5,6,-6,5,1,2,79,2,-6,-1
439943,5,1,1,2,2,2,36,1,1,1
440004,5,1,-6,4,2,2,21,1,-6,-1
440011,5,1,1,2,3,2,42,2,2,1
440080,5,1,1,5,5,2,61,1,2,2
440141,5,2,1,4,1,1,53,1,2,1
440226,5,3,2,4,4,1,-9,1,4,2
440271,5,1,1,99,1,1,79,1,2,1
440288,5,1,1,6,7,2,63,2,2,2
440301,5,1,1,2,3,2,37,1,2,1
440332,5,5,-6,5,7,1,64,2,-6,-1
440370,5,2,1,2,2,1,63,1,3,-1
440530,5,6,1,4,4,2,56,2,2,1
440547,5,6,-6,5,4,2,40,2,-6,-1
440554,5,1,1,5,6,2,56,2,3,2
440622,5,1,1,1,1,2,77,2,1,1
440639,5,1,1,7,7,1,26,2,2,2
440646,5,1,1,6,7,1,80,1,1,2
440660,5,1,-6,3,3,1,43,2,-6,-1
440677,5,6,-6,4,4,2,28,1,-6,-1
440738,5,1,1,3,4,1,33,1,1,1
440745,5,1,1,6,5,1,67,2,2,2
440769,5,2,1,5,1,2,61,2,1,1
440776,5,3,1,4,3,1,48,1,1,1
440783,5,1,-6,6,7,1,62,2,-6,-1
440806,5,1,1,6,5,1,55,1,1,1
440820,5,1,-7,7,7,1,67,1,-7,-1
440837,5,1,2,3,2,1,36,2,2,-1
440851,5,1,1,4,7,1,78,2,3,-1
440981,5,1,1,4,1,1,36,1,1,1
440998,5,1,1,4,3,2,64,1,2,1
441007,5,1,1,4,5,1,45,2,2,2
441014,5,2,1,2,2,1,38,2,2,-1
441052,5,6,2,99,2,1,24,1,3,-1
441090,5,1,1,99,7,2,65,1,2,2
441106,5,1,-6,5,6,1,-9,2,-6,-1
441144,5,1,1,99,1,2,37,2,3,1
441182,5,1,1,99,6,1,58,1,4,2
441236,5,1,1,99,1,2,62,2,2,1
441243,5,1,1,2,1,2,44,1,2,1
441281,5,1,1,5,5,2,54,1,2,-1
441328,5,2,1,4,3,1,42,2,3,5
441366,5,1,2,99,4,2,37,2,4,2
441373,5,3,1,4,2,1,-9,2,3,-1
441434,5,1,1,3,3,2,32,1,2,1
441458,5,1,1,6,5,2,67,1,1,2
441502,5,3,1,2,1,1,19,2,4,1
441540,5,3,1,3,3,1,33,2,2,3
441564,5,1,-6,4,1,1,63,1,-6,-1
441595,5,1,1,6,7,1,55,1,2,2
441601,5,-9,1,6,7,2,-9,-9,2,2
441625,5,1,-6,99,2,1,80,1,-6,-1
441649,5,1,1,6,7,1,27,2,2,2
441656,5,3,1,99,3,2,38,1,4,-1
441731,5,1,2,5,6,2,46,2,3,-1
441755,5,1,1,-9,1,1,48,2,3,-9
441762,5,1,-6,4,6,2,60,1,-6,-1
441779,5,5,1,4,1,2,37,1,1,-1
441830,5,2,1,99,1,1,49,2,2,1
441847,5,1,1,4,1,2,80,1,1,1
441854,5,3,-7,2,2,1,39,2,-7,-1
441861,5,2,1,99,2,2,27,2,2,4
441915,5,1,1,6,5,1,61,2,2,2
441922,5,2,2,99,1,1,37,2,1,-1
441953,5,1,1,6,7,1,69,1,4,2
441960,5,4,1,4,5,1,19,2,2,1
441991,5,1,1,6,6,2,55,1,3,1
442024,5,1,1,3,1,1,72,2,1,1
442048,5,1,1,2,3,2,20,2,3,1
442055,5,1,2,7,6,1,65,2,4,2
442086,5,1,1,4,2,1,69,2,3,1
442109,5,1,1,4,1,1,79,2,2,1
442130,5,1,1,2,2,2,27,2,2,1
442147,5,2,1,6,1,2,53,2,1,1
442192,5,1,1,99,7,2,35,2,2,-1
442222,5,3,1,99,1,1,59,2,2,1
442239,5,1,1,2,3,2,47,2,2,1
442338,5,4,1,4,2,2,39,2,3,1
442352,5,1,1,6,7,1,64,1,2,-1
442390,5,1,1,5,6,1,76,1,2,2
442406,5,2,1,4,1,2,61,1,2,-1
442413,5,1,1,6,7,2,70,2,2,2
442451,5,1,2,4,-9,-9,80,1,2,-9
442468,5,5,2,4,4,2,67,1,2,2
442475,5,1,2,3,3,1,24,2,3,2
442505,5,1,-6,6,7,1,51,1,-6,-1
442550,5,1,1,7,7,1,34,1,2,2
442642,5,1,2,4,3,1,43,2,2,1
442659,5,2,2,4,1,1,51,2,2,1
442666,5,3,1,2,5,2,63,1,1,-9
442680,5,1,-6,4,3,2,37,2,-6,-1
442772,5,1,1,5,4,1,75,1,1,1
442802,5,1,1,6,7,2,71,1,2,2
442819,5,4,-6,2,2,2,27,2,-6,-1
442833,5,1,1,2,1,2,80,1,1,1
442918,5,1,1,4,3,2,52,1,2,1
442970,5,1,1,2,3,2,68,2,2,1
442987,5,3,1,3,3,2,19,1,4,1
443027,5,1,1,2,2,2,57,1,1,1
443041,5,1,1,4,2,1,58,1,1,1
443065,5,1,2,3,4,2,40,1,3,2
443119,5,1,1,5,6,2,30,1,4,2
443157,5,1,1,99,6,1,59,1,3,2
443171,5,1,1,4,2,2,71,2,2,1
443249,5,1,1,99,7,2,73,1,2,2
443287,5,-9,1,4,1,1,-9,2,3,1
443317,5,1,-6,4,4,1,73,2,-6,-1
443355,5,1,1,1,1,2,68,2,1,1
443386,5,1,1,7,6,1,47,1,1,2
443409,5,1,2,99,6,2,63,1,3,-1
443416,5,1,1,5,4,2,48,2,2,3
443461,5,3,1,5,6,2,59,2,2,-1
443478,5,2,2,99,4,1,35,-9,4,-1
443485,5,1,1,2,1,2,73,1,2,1
443492,5,1,1,6,5,1,56,1,1,2
443508,5,1,1,2,1,1,70,1,2,1
443584,5,1,2,3,2,2,80,1,3,1
443614,5,3,1,3,7,2,34,1,4,-1
443621,5,1,1,5,6,2,72,1,1,1
443676,5,1,1,99,1,1,59,2,3,1
443683,5,1,1,2,1,2,61,2,2,1
443782,5,1,1,4,2,1,69,1,2,1
443836,5,4,-6,4,3,2,-9,2,-6,-1
443843,5,1,1,1,1,2,74,1,1,1
443874,5,1,-6,7,7,1,50,1,-6,-1
443935,5,1,2,1,3,2,31,2,4,1
443973,5,1,-6,6,7,1,62,2,-6,-1
443980,5,1,-7,4,3,2,60,1,-7,-1
443997,5,5,-6,3,4,2,63,2,-6,-1
444020,5,1,1,2,1,2,56,2,1,1
444044,5,1,1,5,6,2,32,2,3,-1
444068,5,2,1,3,1,1,65,2,3,1
444075,5,1,1,6,7,1,59,1,2,2
444082,5,1,1,3,3,1,77,2,3,1
444105,5,3,1,6,7,1,69,2,4,2
444174,5,1,1,5,6,1,26,2,4,2
444235,5,1,1,99,6,1,-9,1,3,2
444242,5,3,1,3,2,1,38,2,4,1
444273,5,1,1,2,1,1,30,2,2,1
444280,5,2,1,5,3,1,60,2,2,1
444334,5,4,2,4,2,1,36,1,2,1
444341,5,1,1,6,6,1,68,1,3,-9
444358,5,1,1,5,5,1,26,1,1,2
444396,5,1,1,6,7,2,80,1,1,2
444457,5,1,1,3,1,1,32,2,1,1
444495,5,3,1,4,2,1,-9,1,2,-1
444532,5,1,-6,2,1,2,80,2,-6,-1
444549,5,6,1,99,2,2,31,2,2,1
444556,5,3,1,6,7,2,37,1,1,2
444617,5,2,2,5,1,1,26,1,3,-1
444631,5,1,2,4,1,2,20,1,-9,-1
444662,5,1,1,5,7,2,72,2,1,2
444679,5,1,1,6,7,2,65,1,2,2
444686,5,1,1,6,5,2,47,2,2,2
444693,5,3,1,99,1,2,18,2,2,-1
444709,5,1,1,4,3,2,27,2,2,3
444716,5,1,1,4,7,1,48,2,3,1
444761,5,1,-7,4,2,1,74,1,-7,-1
444778,5,1,1,6,7,1,69,2,2,2
444860,5,1,1,99,3,2,52,1,2,1
444891,5,1,-7,6,7,1,63,2,-7,-1
444914,5,1,1,5,6,2,58,1,1,1
444945,5,1,1,4,5,1,55,1,2,2
444952,5,1,1,2,2,2,80,2,2,1
445023,5,1,1,3,2,1,46,2,1,1
445054,5,5,1,7,7,1,77,2,4,2
445085,5,3,1,4,3,1,-9,1,1,-1
445115,5,1,1,5,7,2,56,2,2,2
445146,5,6,1,1,2,2,42,2,2,1
445153,5,1,1,99,7,1,63,1,2,2
445160,5,1,1,6,7,2,24,1,1,2
445191,5,1,1,4,7,1,42,2,2,2
445207,5,1,1,3,1,2,67,2,2,1
445337,5,1,1,3,2,1,78,2,1,1
445344,5,1,1,1,1,2,65,1,1,1
445399,5,1,1,5,3,2,25,1,2,1
445405,5,1,1,3,1,2,24,2,2,1
445498,5,1,1,6,7,1,40,2,2,2
445528,5,3,1,6,6,1,60,1,2,1
445702,5,1,1,6,7,1,48,2,2,-1
445788,5,2,1,99,1,2,32,2,2,1
445801,5,1,1,3,6,1,49,2,3,2
445818,5,1,1,3,1,1,71,1,1,1
445856,5,1,-6,99,2,1,72,1,-6,-1
445917,5,6,2,4,1,1,80,2,2,5
445924,5,1,1,6,7,1,-9,2,4,2
445979,5,1,1,3,3,2,70,2,2,1
445986,5,1,1,4,5,2,33,1,4,1
446095,5,3,1,2,4,2,34,2,2,-1
446125,5,2,1,4,1,1,80,2,2,1
446187,5,5,-6,99,1,2,54,2,-6,-1
446194,5,1,1,6,7,1,53,2,1,2
446200,5,3,1,3,4,1,59,2,2,1
446231,5,1,1,4,4,2,38,1,3,2
446248,5,4,1,5,2,1,27,1,2,1
446255,5,1,1,6,7,1,51,2,1,2
446293,5,1,-6,3,4,2,53,1,-6,-1
446309,5,1,1,2,3,2,31,1,2,1
446316,5,1,2,4,6,2,31,1,4,2
446354,5,1,1,6,7,2,75,1,1,2
446361,5,1,1,4,3,2,72,1,2,1
446378,5,6,1,2,1,2,34,2,1,1
446439,5,2,-6,4,4,2,40,2,-6,-1
446446,5,1,1,6,7,1,64,1,1,2
446491,5,1,1,4,4,2,21,2,1,-1
446538,5,1,1,5,6,1,-9,1,2,2
446545,5,2,1,99,1,1,53,1,2,1
446606,5,3,1,4,-9,2,61,1,2,1
446613,5,1,1,7,7,1,80,2,2,2
446651,5,2,1,4,3,1,65,2,1,1
446668,5,1,-7,3,2,2,25,2,-7,-1
446675,5,1,1,2,3,1,64,2,1,1
446705,5,1,1,4,6,1,-9,2,2,1
446712,5,1,1,99,6,2,70,2,2,1
446750,5,1,1,6,7,1,58,2,2,2
446767,5,1,1,4,1,1,67,2,1,1
446804,5,1,-6,6,7,1,58,1,-6,-1
446811,5,1,1,1,1,1,65,2,2,1
446866,5,1,-6,99,7,1,76,2,-6,-1
446873,5,1,1,7,5,1,32,2,3,2
446927,5,1,1,6,7,1,45,2,2,2
446941,5,1,1,4,4,1,52,2,2,2
446958,5,5,2,4,6,1,34,2,4,-1
446996,5,1,-6,99,2,2,21,1,-6,-1
447005,5,1,1,6,6,1,59,1,2,2
447012,5,1,1,2,7,1,57,2,2,2
447043,5,1,1,2,1,2,80,2,2,2
447074,5,2,1,5,4,1,68,2,2,1
447081,5,1,1,7,7,1,76,1,2,2
447098,5,1,-6,6,7,1,80,1,-6,2
447104,5,1,1,3,3,2,62,1,2,1
447173,5,1,1,4,3,2,75,2,1,1
447180,5,1,1,4,6,1,26,2,3,2
447265,5,1,1,6,7,1,62,1,1,2
447289,5,1,1,3,3,2,36,1,1,1
447296,5,1,1,6,7,2,40,2,2,2
447319,5,1,1,2,4,2,42,2,2,1
447333,5,1,1,6,7,1,52,1,1,2
447388,5,1,1,4,1,2,63,2,3,1
447395,5,1,1,6,6,1,40,1,2,2
447418,5,1,1,99,5,2,69,1,2,2
447449,5,2,-6,4,5,1,29,1,-6,-1
447517,5,1,1,4,5,2,68,2,3,2
447531,5,1,-6,4,4,2,-9,1,-6,-1
447555,5,1,1,6,7,1,72,1,1,2
447609,5,1,-6,6,7,1,40,2,-6,-1
447647,5,1,1,4,6,1,69,2,2,1
447685,5,1,1,4,1,2,62,2,2,1
447715,5,1,1,4,3,2,56,1,2,1
447722,5,5,1,4,5,1,70,2,2,2
447753,5,4,2,4,2,2,46,2,2,1
447760,5,1,1,2,1,2,63,1,1,1
447777,5,1,1,6,7,1,33,2,2,2
447791,5,2,1,4,4,1,30,1,1,1
447838,5,1,1,2,1,2,36,2,1,1
447845,5,1,1,4,3,1,48,1,1,1
447876,5,3,1,7,7,1,31,1,3,2
447883,5,1,1,6,7,1,65,1,3,2
447890,5,3,-6,6,7,1,57,2,-6,-1
447913,5,1,1,7,7,2,58,2,3,2
447920,5,1,1,5,5,2,31,1,1,2
447944,5,1,-6,2,2,2,46,1,-6,-1
447951,5,1,1,2,1,2,77,1,2,1
448046,5,3,1,6,7,2,73,2,2,2
448084,5,6,1,2,2,1,20,2,4,1
448114,5,1,1,1,4,2,30,1,1,-1
448367,5,1,-6,99,1,1,80,1,-6,-1
448381,5,1,1,5,4,1,63,1,2,1
448480,5,1,1,4,5,1,59,2,3,1
448497,5,1,1,2,1,1,66,1,1,1
448510,5,2,-6,4,2,2,80,2,-6,-1
448527,5,3,1,3,2,2,37,1,2,1
448534,5,1,2,6,7,2,50,1,2,1
448541,5,3,2,5,2,1,27,2,2,-1
448558,5,1,1,2,2,2,23,1,1,1
448572,5,1,1,4,2,2,30,1,2,1
448596,5,1,1,3,3,1,32,2,2,1
448602,5,1,1,2,1,2,65,2,1,1
448626,5,4,1,4,4,2,45,2,2,2
448633,5,1,1,6,6,1,60,1,1,-9
448640,5,2,-6,4,5,1,21,1,-6,-1
448671,5,1,1,3,3,1,68,2,2,1
448695,5,1,1,99,5,2,40,1,3,2
448770,5,2,-7,2,1,1,49,2,-7,-1
448787,5,3,1,2,1,2,20,2,2,1
448800,5,1,1,7,6,1,51,2,3,2
448824,5,1,2,4,1,2,42,2,2,1
448831,5,2,2,4,3,1,56,2,2,1
448848,5,1,1,7,7,1,21,1,1,2
448862,5,1,1,7,7,2,35,1,1,2
448893,5,2,2,99,4,2,32,2,4,-1
448909,5,1,1,2,1,2,41,1,2,1
448930,5,2,-6,99,4,2,20,1,-6,-1
448947,5,1,2,4,7,1,67,2,2,1
448961,5,1,1,7,7,1,19,2,2,2
449018,5,3,1,3,3,2,23,2,3,1
449049,5,5,1,4,4,1,50,1,2,5
449063,5,4,1,4,1,2,34,1,1,1
449100,5,1,1,4,4,2,35,2,3,1
449117,5,1,1,6,7,1,42,1,1,2
449131,5,1,1,5,7,2,-9,1,2,2
449148,5,1,1,7,7,1,28,1,1,5
449162,5,1,1,4,4,2,33,1,2,1
449179,5,1,-6,99,7,2,75,2,-6,-1
449193,5,1,1,4,3,2,41,2,2,1
449230,5,1,1,2,3,1,61,2,1,1
449247,5,4,1,3,3,2,32,1,1,1
449254,5,1,-6,4,2,2,42,1,-6,-1
449261,5,2,1,99,6,1,34,1,3,-1
449308,5,4,-6,4,3,2,49,1,-6,-1
449391,5,1,-6,4,6,2,64,2,-6,-1
449407,5,2,1,3,3,2,38,1,2,1
449445,5,1,-6,99,4,2,65,2,-6,-1
449476,5,1,1,1,1,2,36,2,1,1
449506,5,1,2,4,4,1,66,1,2,1
449537,5,1,1,7,7,1,71,1,1,2
449568,5,1,1,2,1,2,32,2,1,1
449575,5,1,1,99,5,1,65,2,2,2
449605,5,3,1,7,7,1,54,1,2,2
449636,5,1,2,5,5,2,51,2,3,-1
449643,5,2,1,99,1,1,38,1,1,1
449650,5,3,1,4,1,1,-9,1,1,1
449667,5,1,1,6,5,2,44,1,2,-1
449681,5,2,1,99,1,2,60,1,4,1
449773,5,1,1,4,5,1,46,2,2,1
449834,5,1,1,4,3,1,72,1,1,1
449858,5,3,1,2,1,2,22,1,1,1
449865,5,1,1,6,7,1,69,2,2,2
449889,5,1,1,2,1,2,74,1,1,1
449902,5,1,1,4,1,2,73,2,2,1
449926,5,1,1,4,1,1,77,2,1,1
449957,5,1,1,99,1,2,73,1,2,1
449971,5,1,1,1,2,2,51,1,1,1
449995,5,1,1,6,7,2,59,1,2,2
450018,5,1,1,6,7,2,70,1,2,-1
450025,5,1,1,6,7,1,53,1,3,2
450094,5,3,1,4,2,1,75,1,1,1
450124,5,1,1,6,7,2,50,1,2,2
450131,5,1,1,3,4,1,80,2,1,1
450148,5,3,-6,5,7,1,43,2,-6,-1
450186,5,1,1,2,1,2,80,1,1,1
450223,5,1,1,5,6,1,80,1,2,1
450230,5,4,1,3,3,1,34,2,3,1
450339,5,1,1,2,1,-9,67,2,2,1
450346,5,3,1,2,1,2,57,2,2,1
450353,5,1,-6,6,7,1,64,2,-6,-1
450360,5,1,1,3,1,1,51,1,1,1
450469,5,1,1,4,6,1,56,2,3,2
450506,5,1,1,6,7,1,42,2,3,2
450537,5,1,1,2,2,2,-9,2,2,1
450599,5,5,1,99,4,1,74,1,2,-1
450650,5,1,1,3,3,2,66,2,1,1
450667,5,6,1,6,7,1,44,2,2,2
450698,5,1,-6,1,3,2,27,2,-6,-1
450728,5,1,1,5,5,2,25,1,4,1
450797,5,1,1,6,5,1,51,2,2,2
450803,5,1,1,99,6,1,52,1,4,2
450841,5,-9,1,6,5,1,73,1,1,3
450902,5,3,1,4,4,2,35,1,2,1
450933,5,1,1,99,-9,2,43,2,4,1
450971,5,1,1,3,3,1,45,1,2,1
450988,5,2,1,4,1,1,-9,2,2,1
451028,5,4,1,1,2,2,27,1,1,1
451035,5,4,-6,2,5,2,27,2,-6,-1
451042,5,1,1,7,7,2,37,1,2,2
451059,5,1,1,7,7,1,52,2,1,2
451066,5,1,1,6,5,1,73,2,1,2
451073,5,2,1,5,5,2,40,1,2,2
451080,5,1,1,4,2,2,71,2,2,1
451097,5,1,1,6,6,1,-9,2,3,2
451134,5,3,1,2,2,2,30,2,4,1
451165,5,6,1,4,2,2,26,2,3,1
451189,5,1,1,3,2,2,29,2,2,1
451196,5,3,-6,4,2,1,51,2,-6,1
451202,5,1,2,5,5,2,57,2,2,2
451271,5,4,1,99,4,1,52,1,3,-1
451325,5,1,1,6,7,1,75,2,3,-1
451332,5,2,1,2,1,1,25,1,4,1
451356,5,1,1,99,5,1,-9,1,1,2
451370,5,1,1,4,6,2,48,1,4,1
451424,5,4,1,2,1,2,30,1,3,-1
451578,5,1,-6,99,6,2,25,2,-6,-1
451585,5,2,2,4,1,1,39,2,3,1
451608,5,1,1,2,3,2,21,1,2,1
451622,5,1,1,99,4,2,32,1,3,-1
451639,5,1,1,3,1,1,30,2,2,1
451646,5,3,-6,99,4,1,52,1,-6,-1
451653,5,1,1,2,1,2,65,2,1,1
451684,5,1,1,4,3,2,63,1,1,-1
451707,5,1,2,4,4,1,38,-9,2,1
451721,5,1,1,4,4,2,56,1,2,1
451738,5,1,1,2,1,2,73,2,1,1
451752,5,1,1,5,5,1,34,1,3,2
451769,5,2,-6,6,2,1,56,2,-6,-1
451783,5,1,1,6,6,1,38,1,1,5
451790,5,1,1,6,7,1,61,1,1,2
451806,5,1,1,3,6,2,75,2,2,2
451912,5,1,1,3,2,2,42,1,2,1
451929,5,1,1,6,7,1,59,2,1,2
451974,5,1,1,4,4,2,61,2,3,-1
452014,5,1,1,4,7,2,38,2,3,2
452021,5,1,1,6,6,1,34,1,1,2
452045,5,3,1,4,3,2,36,2,2,-1
452083,5,1,1,2,1,2,74,1,1,1
452090,5,1,1,6,6,2,64,1,2,2
452120,5,1,1,5,6,1,22,2,4,-1
452144,5,-9,1,6,5,2,77,1,2,2
452175,5,-9,-6,-9,6,-9,-9,1,-6,-1
452229,5,1,1,4,3,2,37,1,3,1
452243,5,1,1,4,5,2,36,1,4,2
452267,5,1,1,6,5,2,51,1,1,2
452281,5,1,1,2,3,2,27,1,2,1
452311,5,2,1,4,2,1,37,2,2,1
452328,5,4,2,99,-9,1,49,2,4,-1
452410,5,3,2,2,3,1,28,2,2,1
452427,5,1,1,2,4,1,40,2,2,1
452434,5,4,1,4,4,2,46,1,2,-1
452441,5,3,1,6,7,1,21,2,4,-1
452465,5,1,1,6,7,1,63,2,2,2
452472,5,1,2,2,1,2,68,1,2,1
452496,5,1,1,6,7,2,27,1,2,2
452526,5,3,-6,4,4,2,80,1,-6,-1
452533,5,1,1,4,2,1,77,2,2,1
452557,5,1,1,4,1,1,64,2,1,1
452564,5,1,1,99,5,2,29,1,3,2
452595,5,1,1,4,5,2,29,1,2,-1
452618,5,-9,-6,99,1,2,60,2,-6,-1
452649,5,3,1,2,1,2,22,1,1,1
452663,5,1,1,99,7,2,39,2,4,2
452700,5,1,1,3,1,2,67,1,1,1
452731,5,1,1,2,1,2,53,2,1,1
452748,5,1,1,4,4,-9,63,2,3,-1
452779,5,1,1,2,1,2,50,1,1,-1
452861,5,1,1,2,2,2,49,1,2,1
452878,5,1,2,6,7,1,57,1,3,2
452939,5,1,1,3,5,1,70,1,2,-1
452953,5,1,2,99,4,2,28,1,4,2
452977,5,1,1,2,3,2,47,2,2,1
453024,5,3,1,4,4,2,28,2,3,-1
453048,5,1,1,4,1,2,55,2,1,1
453116,5,1,1,5,6,2,62,2,3,2
453130,5,1,1,6,7,1,62,1,2,2
453147,5,3,1,2,1,1,47,2,2,1
453185,5,1,1,-9,7,1,80,1,2,-1
453208,5,1,1,2,2,2,80,2,3,1
453215,5,3,-6,6,7,2,57,1,-6,-1
453246,5,1,1,6,7,1,56,2,1,2
453253,5,2,2,99,-9,1,77,2,4,-1
453284,5,5,1,6,7,2,18,1,1,2
453369,5,1,1,4,7,2,65,2,2,2
453383,5,3,1,4,7,2,30,1,2,2
453390,5,1,1,99,7,1,66,2,2,2
453505,5,5,1,5,4,2,45,2,1,2
453512,5,1,1,5,6,1,26,1,4,2
453567,5,1,1,1,7,1,28,1,3,-1
453628,5,1,1,99,3,1,36,2,2,1
453659,5,1,1,7,7,1,36,2,1,2
453666,5,3,-6,7,7,1,76,1,-6,-1
453673,5,1,2,7,7,1,59,1,1,2
453697,5,1,1,6,6,1,-9,2,2,2
453703,5,1,-7,6,7,1,57,2,-7,-1
453710,5,1,1,4,5,2,35,2,2,1
453734,5,5,1,4,7,2,42,1,2,2
453741,5,4,1,4,4,1,35,2,2,2
453796,5,1,1,2,3,2,41,1,3,1
453833,5,2,1,6,5,2,37,1,2,3
453888,5,1,1,6,7,2,53,2,2,2
453895,5,1,1,4,3,1,26,2,3,-1
453932,5,3,1,4,2,2,45,1,2,-1
453970,5,1,1,4,5,2,32,2,-5,-1
454027,5,1,1,4,5,1,37,1,2,2
454065,5,1,1,4,4,2,38,2,4,-1
454089,5,1,1,6,7,2,50,2,3,-1
454096,5,1,1,5,7,1,36,2,2,2
454102,5,1,1,4,4,2,53,1,3,-1
454119,5,1,2,5,7,2,-9,1,1,2
454133,5,1,1,4,3,2,25,2,3,1
454157,5,1,1,7,7,1,42,1,1,2
454171,5,1,1,6,7,1,25,2,1,2
454195,5,1,1,3,2,2,61,2,2,1
454201,5,1,1,4,3,2,27,1,3,1
454225,5,6,1,5,5,1,41,1,2,2
454249,5,2,1,4,1,1,56,1,2,1
454287,5,1,1,2,3,2,31,1,2,1
454324,5,1,1,6,5,2,26,1,2,2
454348,5,1,1,3,4,2,61,1,1,1
454409,5,1,1,4,3,2,44,1,1,1
454423,5,1,1,5,7,1,77,1,2,-9
454447,5,1,1,99,7,1,27,1,1,-1
454478,5,1,1,5,6,1,77,2,2,1
454508,5,3,1,4,3,1,-9,1,1,1
454522,5,1,-7,2,1,2,31,1,-7,-1
454539,5,1,1,4,1,2,47,2,2,1
454546,5,3,1,99,3,1,27,2,3,1
454553,5,6,1,1,1,2,69,2,2,1
454560,5,1,1,5,5,1,66,1,1,2
454577,5,1,1,7,5,1,-9,1,2,2
454584,5,1,-6,6,1,1,65,2,-6,-1
454607,5,3,-6,6,4,2,18,1,-6,-1
454744,5,1,1,5,6,2,64,2,2,1
454768,5,2,2,99,1,2,22,1,1,1
454782,5,3,1,2,3,2,42,1,3,1
454799,5,1,1,3,4,2,54,2,2,2
454805,5,1,1,6,7,1,52,2,2,2
454843,5,1,1,7,7,1,80,1,2,2
454850,5,1,1,3,2,1,28,2,1,1
454874,5,1,1,6,6,1,63,1,1,2
454928,5,1,1,2,1,2,34,2,3,1
454966,5,1,1,5,5,2,72,2,1,2
454980,5,1,1,4,1,1,63,1,2,1
455037,5,1,1,2,1,2,35,2,2,1
455044,5,5,1,99,1,-9,-9,1,1,1
455051,5,1,-7,6,7,1,69,2,-7,-1
455075,5,1,1,4,2,2,57,1,2,1
455082,5,1,2,99,6,2,28,2,4,-1
455099,5,1,1,4,4,2,67,1,3,2
455112,5,1,1,6,7,2,66,1,1,2
455129,5,5,1,5,5,1,41,1,2,2
455136,5,6,1,5,4,1,65,2,2,2
455150,5,5,1,4,2,1,36,2,2,1
455181,5,1,2,6,7,1,72,1,2,2
455211,5,1,1,99,4,2,60,1,3,-1
455235,5,1,1,6,7,1,25,2,2,2
455303,5,1,1,3,2,2,51,1,2,1
455310,5,1,1,5,6,1,42,1,4,-1
455341,5,1,1,4,7,2,55,2,2,1
455358,5,1,1,3,1,2,39,1,1,1
455365,5,2,1,6,5,1,32,2,2,-1
455372,5,4,-6,2,2,2,30,1,-6,-1
455433,5,2,1,99,1,2,42,1,2,1
455457,5,1,1,4,2,2,40,2,3,1
455501,5,3,1,5,7,1,59,2,2,1
455518,5,1,1,2,1,2,-9,2,2,1
455525,5,1,1,4,1,2,80,2,1,2
455532,5,3,2,4,4,1,57,1,4,1
455594,5,1,1,4,7,1,80,2,2,2
455617,5,3,1,99,1,1,36,2,2,1
455624,5,2,1,99,1,1,27,1,2,1
455631,5,4,1,6,7,2,32,1,2,-1
455655,5,1,1,99,2,2,67,2,2,1
455716,5,1,1,6,7,2,52,2,2,2
455761,5,1,1,2,1,1,69,2,1,1
455778,5,3,1,99,4,1,57,1,3,-9
455785,5,1,1,99,2,2,18,2,3,-1
455792,5,3,1,99,1,1,52,2,2,1
455822,5,1,1,3,3,2,39,2,2,1
455839,5,1,1,3,1,2,62,2,1,1
455853,5,1,-6,3,2,2,-9,-9,-6,-1
455877,5,1,1,99,7,2,60,2,1,2
455945,5,1,2,3,6,1,35,1,4,-1
455952,5,1,1,3,3,2,27,2,3,-1
455976,5,1,2,3,6,1,27,2,3,-1
456009,5,6,1,4,3,2,34,2,3,1
456016,5,1,1,3,3,1,68,2,1,1
456030,5,3,1,4,3,1,32,2,2,1
456047,5,5,1,4,3,1,35,1,1,1
456078,5,1,-6,99,2,2,62,2,-6,-1
456122,5,1,1,99,4,1,80,1,1,-1
456160,5,6,1,2,4,2,-9,2,2,5
456184,5,2,1,2,1,1,60,1,1,1
456191,5,1,1,2,1,2,34,1,1,1
456221,5,3,1,99,4,1,55,2,4,2
456245,5,5,1,4,3,1,51,2,3,1
456252,5,1,1,6,6,1,39,1,2,2
456306,5,1,1,5,5,2,64,2,2,2
456313,5,1,2,4,4,1,63,2,2,1
456351,5,1,1,2,1,2,46,1,2,1
456399,5,1,1,2,1,2,72,2,2,1
456412,5,1,2,4,6,2,80,2,3,2
456429,5,1,1,99,7,1,66,2,1,-1
456450,5,2,1,2,1,1,60,1,2,1
456467,5,3,1,4,2,2,21,1,2,-1
456504,5,1,1,5,5,2,35,1,3,1
456511,5,1,1,4,5,2,22,1,2,2
456542,5,6,-6,6,7,2,39,1,-6,-1
456580,5,1,1,2,2,2,25,2,1,1
456597,5,1,1,2,1,2,-9,1,1,1
456610,5,1,1,4,6,2,32,2,4,3
456627,5,1,1,2,1,2,48,2,1,1
456672,5,1,1,2,1,2,-9,1,1,1
456740,5,1,1,2,1,2,30,2,1,1
456757,5,3,1,99,2,1,52,1,1,1
456764,5,1,1,6,7,2,60,1,2,2
456801,5,1,1,4,2,2,39,1,2,1
456832,5,1,1,3,2,1,49,2,2,1
456870,5,1,-6,4,5,2,48,2,-6,-1
456887,5,1,1,2,1,2,68,2,2,1
456955,5,1,1,99,6,1,51,1,3,1
456962,5,1,1,6,7,1,78,1,1,2
457002,5,1,1,2,1,2,58,2,1,1
457040,5,1,-6,7,7,1,80,1,-6,-1
457064,5,1,1,6,6,1,45,1,2,5
457101,5,1,1,3,4,2,63,1,2,-1
457118,5,1,1,2,3,2,38,2,3,1
457149,5,1,1,6,7,2,80,1,1,2
457156,5,1,1,6,7,1,71,1,1,2
457170,5,1,1,99,7,1,54,1,2,2
457200,5,1,1,7,7,1,69,2,2,2
457231,5,1,1,6,5,1,22,2,2,2
457286,5,5,1,3,2,2,58,2,3,1
457323,5,1,1,6,7,1,34,1,3,2
457347,5,1,1,1,1,2,48,1,2,1
457361,5,1,1,6,5,1,80,2,2,2
457378,5,1,1,4,4,2,51,1,2,1
457385,5,1,1,99,1,1,71,1,1,2
457392,5,1,1,4,7,2,61,2,2,2
457415,5,-9,1,4,4,2,-9,2,1,-1
457422,5,1,1,3,1,2,78,1,1,1
457453,5,1,1,1,1,2,57,2,1,1
457552,5,3,1,99,2,2,44,2,2,-1
457569,5,-9,1,5,5,-9,-9,2,1,2
457637,5,1,1,6,1,1,63,2,1,1
457712,5,2,1,99,1,2,47,2,3,1
457729,5,3,1,3,3,2,26,2,1,4
457743,5,1,1,4,3,2,57,1,1,1
457767,5,2,1,4,1,1,56,2,2,1
457798,5,3,1,5,5,2,53,1,1,1
457811,5,1,1,5,7,1,48,2,3,2
457828,5,3,1,4,5,1,50,1,2,1
457873,5,1,1,6,7,1,34,2,2,2
457934,5,1,1,5,5,1,73,1,2,2
457958,5,1,1,6,5,1,57,1,3,2
457972,5,1,1,99,7,2,41,1,2,2
457996,5,1,1,5,5,1,59,2,2,2
458029,5,1,-6,6,7,2,67,1,-6,-1
458067,5,1,-6,2,2,2,54,1,-6,-1
458081,5,1,1,6,7,1,72,1,1,2
458135,5,2,2,99,4,1,33,1,4,-1
458159,5,1,1,5,5,2,54,2,1,2
458180,5,1,1,4,4,2,22,2,4,-1
458197,5,1,1,3,2,1,44,2,2,1
458234,5,1,1,4,2,2,30,1,3,1
458258,5,1,-6,5,5,2,74,2,-6,-1
458265,5,1,1,3,4,2,37,1,2,1
458302,5,1,1,7,5,2,28,1,2,-1
458364,5,1,1,99,4,2,18,1,3,1
458371,5,1,-6,4,4,2,56,2,-6,-1
458425,5,1,1,2,3,2,39,1,3,1
458432,5,1,1,6,7,1,71,1,2,2
458449,5,1,1,3,3,1,23,2,2,-1
458463,5,1,1,6,7,1,47,1,3,2
458487,5,1,1,6,7,2,45,2,1,2
458500,5,1,1,4,5,2,28,1,2,-1
458548,5,1,1,4,5,1,38,2,3,2
458555,5,1,1,7,7,1,70,2,3,2
458593,5,3,1,4,4,2,-9,2,3,2
458609,5,4,-6,4,2,2,39,2,-6,-1
458616,5,1,1,1,1,2,34,2,1,1
458623,5,3,1,4,1,2,43,2,2,1
458630,5,1,-6,99,5,1,46,2,-6,-1
458661,5,2,-6,99,1,1,69,2,-6,-1
458678,5,1,1,6,7,1,80,1,2,2
458692,5,6,1,4,4,2,54,2,2,2
458708,5,2,1,5,4,1,64,2,3,2
458814,5,1,1,3,7,2,70,2,3,1
458876,5,1,1,4,4,2,-9,1,4,2
458890,5,3,1,5,3,1,-9,2,-5,1
458906,5,1,1,3,1,1,46,2,2,1
458913,5,1,1,5,5,1,73,2,1,2
458920,5,3,1,6,7,2,42,2,2,2
458944,5,1,1,2,1,2,43,2,2,1
458951,5,1,1,2,1,2,64,2,2,1
458968,5,1,1,6,5,1,59,1,2,-1
459022,5,1,1,99,4,2,34,2,2,2
459053,5,3,-6,6,6,1,50,1,-6,-1
459060,5,1,-6,6,5,1,57,2,-6,-1
459084,5,2,1,2,1,2,38,2,1,1
459107,5,1,-6,6,7,2,76,2,-6,-1
459114,5,1,1,5,5,1,51,2,3,2
459152,5,5,2,6,7,2,30,2,4,-1
459183,5,1,1,4,5,2,48,2,3,2
459190,5,2,2,4,1,1,47,2,2,1
459237,5,1,1,6,5,1,62,2,1,2
459251,5,1,1,6,5,2,80,2,1,2
459268,5,6,1,4,5,1,35,1,2,3
459282,5,1,1,6,7,2,72,2,2,2
459305,5,1,1,3,3,2,58,1,3,1
459350,5,3,1,4,4,2,40,2,2,1
459374,5,3,2,6,1,2,72,1,2,1
459381,5,1,-6,99,7,2,35,1,-6,-1
459398,5,1,1,6,7,1,37,1,1,1
459428,5,1,1,5,7,1,70,2,2,2
459435,5,1,-6,99,6,2,52,2,-6,-1
459442,5,3,1,3,1,1,64,2,1,1
459480,5,1,1,4,3,2,76,2,2,1
459534,5,1,1,2,3,2,21,1,1,1
459541,5,1,2,99,2,1,22,2,3,-1
459558,5,1,1,6,6,1,49,1,3,2
459565,5,1,1,5,6,1,36,2,2,2
459589,5,1,1,6,7,1,71,2,2,2
459619,5,3,1,4,2,2,40,2,2,1
459657,5,1,1,3,2,1,80,2,2,1
459664,5,-9,1,4,1,1,67,-9,2,1
459695,5,1,1,6,7,1,73,2,2,2
459701,5,1,1,99,7,1,21,2,4,2
459718,5,2,1,99,4,2,59,2,3,1
459725,5,3,-6,4,7,1,25,1,-6,-1
459770,5,1,-6,4,4,2,32,1,-6,-1
459824,5,2,2,99,2,2,68,2,3,1
459909,5,4,1,3,1,2,60,2,1,1
459954,5,1,1,99,1,2,63,2,1,-1
459978,5,1,1,6,6,1,44,2,2,2
460015,5,1,1,2,3,2,41,2,2,1
460084,5,1,1,6,7,1,52,2,2,2
460091,5,2,1,4,-8,1,44,2,1,2
460114,5,1,1,99,4,2,60,2,3,-1
460138,5,2,1,6,5,1,36,1,2,-1
460213,5,2,1,99,1,1,47,2,4,1
460220,5,1,1,99,6,1,80,2,3,2
460251,5,1,1,4,6,1,43,2,3,2
460312,5,1,1,4,5,2,66,2,1,2
460343,5,1,1,99,4,1,68,2,2,1
460350,5,1,-7,4,3,2,80,2,-7,1
460374,5,1,1,7,5,2,48,1,1,2
460381,5,1,1,6,5,1,59,2,2,2
460398,5,1,2,1,1,1,19,2,2,1
460435,5,1,1,1,3,2,55,1,2,1
460442,5,3,1,3,2,2,25,2,2,1
460459,5,1,1,1,1,2,25,2,2,1
460534,5,1,-6,4,3,2,26,2,-6,-1
460589,5,1,1,2,1,2,24,2,1,1
460602,5,1,1,99,7,2,70,1,3,2
460695,5,1,1,5,6,1,60,2,2,2
460701,5,1,1,1,1,2,64,2,1,1
460718,5,1,1,2,1,2,64,2,2,1
460756,5,1,1,2,1,2,73,1,2,1
460824,5,1,1,1,1,1,79,1,1,1
460862,5,1,1,6,7,1,80,1,1,2
460879,5,5,1,5,4,2,73,2,3,1
460893,5,1,1,5,5,1,38,1,1,2
460916,5,1,1,2,3,1,70,1,1,1
460930,5,5,1,5,5,2,43,2,1,2
460978,5,1,1,99,7,1,65,1,1,2
460985,5,1,1,2,3,1,56,2,2,1
460992,5,3,1,99,4,2,50,2,3,-1
461117,5,1,1,6,6,1,74,1,2,2
461155,5,1,1,4,4,1,47,2,2,1
461162,5,4,1,4,3,1,61,1,1,1
461179,5,1,1,99,6,1,72,1,3,1
461216,5,1,1,99,7,1,-9,2,2,2
461230,5,1,1,99,5,1,27,1,3,-1
461247,5,2,1,1,1,2,53,1,1,1
461261,5,1,1,99,6,2,50,2,2,-1
461278,5,1,1,99,7,1,60,2,3,2
461308,5,1,1,4,6,1,35,2,3,-1
461315,5,1,1,2,3,2,38,2,-5,3
461353,5,1,2,99,3,2,35,1,3,-1
461445,5,3,1,-9,2,2,46,1,2,-1
461452,5,6,1,3,2,2,59,2,3,1
461469,5,1,1,99,6,2,60,2,3,1
461506,5,3,1,4,3,2,52,2,1,1
461513,5,1,1,6,7,1,30,1,2,2
461544,5,1,2,2,3,2,38,1,2,-1
461568,5,1,1,99,4,1,54,1,2,-1
461599,5,1,1,3,7,1,46,1,1,-1
461605,5,6,1,1,1,2,29,2,2,1
461698,5,3,1,99,4,1,37,1,2,1
461735,5,1,1,3,3,2,36,1,1,1
461780,5,-9,2,99,-9,1,-9,2,3,-1
461834,5,1,1,6,7,1,62,2,1,2
461889,5,2,1,99,3,1,77,1,2,1
461926,5,3,1,5,5,1,72,1,2,2
461940,5,2,-6,4,3,2,50,2,-6,-1
461964,5,4,1,5,2,2,33,2,-5,1
461988,5,1,-6,5,6,2,20,1,-6,-1
461995,5,2,1,2,1,2,60,1,1,1
462035,5,1,1,3,4,1,40,1,1,-1
462042,5,1,1,2,3,2,53,1,1,1
462059,5,2,1,4,5,1,44,2,1,2
462103,5,1,1,4,4,1,74,2,1,1
462127,5,1,2,4,1,2,77,2,2,1
462141,5,1,2,3,2,1,32,1,4,-1
462165,5,2,2,99,4,2,35,2,2,1
462172,5,1,1,6,7,1,58,2,3,2
462226,5,1,1,4,1,1,76,2,1,1
462240,5,1,-6,6,7,2,44,2,-6,-1
462264,5,1,-6,5,7,2,59,1,-6,-1
462318,5,1,-6,2,1,2,-9,2,-6,-1
462332,5,1,1,3,1,2,64,2,1,1
462349,5,1,1,5,6,2,40,1,3,2
462370,5,5,1,4,2,2,60,2,2,1
462387,5,1,1,4,4,2,18,1,2,1
462431,5,1,1,6,6,1,51,2,4,2
462448,5,1,1,5,7,2,73,2,2,2
462516,5,1,1,6,7,1,57,1,2,2
462592,5,1,-6,4,2,-9,80,2,-6,-1
462608,5,3,2,99,2,2,20,2,2,-1
462653,5,1,1,2,1,1,50,2,1,1
462677,5,1,1,5,6,2,59,2,1,2
462721,5,6,-6,5,1,1,46,2,-6,1
462745,5,1,1,6,6,2,39,2,2,2
462752,5,3,1,99,2,2,58,2,2,1
462776,5,4,1,3,2,2,23,1,2,1
462790,5,1,1,6,6,1,66,1,1,2
462837,5,1,1,6,7,1,67,1,2,2
462844,5,1,1,2,4,2,51,1,2,2
462875,5,1,1,7,7,1,-9,1,1,2
462905,5,3,2,6,5,2,26,1,3,1
462943,5,1,1,3,3,2,26,1,2,1
462974,5,1,1,7,7,1,67,1,1,2
462981,5,1,1,5,5,1,30,1,3,-1
463007,5,1,-6,2,3,2,19,2,-6,-1
463021,5,1,1,3,4,2,70,2,1,1
463045,5,1,1,1,2,2,-9,2,1,-1
463076,5,1,1,2,1,2,63,2,2,1
463144,5,1,1,4,3,2,70,2,3,1
463182,5,-9,-6,-9,-9,-9,-9,-9,-6,-1
463212,5,1,1,6,5,1,56,2,2,2
463229,5,1,1,6,6,1,28,1,2,2
463243,5,3,1,2,1,2,47,2,4,1
463274,5,1,1,4,5,2,48,2,3,1
463304,5,1,1,7,7,1,65,2,1,2
463359,5,1,1,6,7,2,72,1,1,2
463427,5,1,1,99,1,2,41,2,3,1
463434,5,1,1,99,5,1,35,2,3,2
463564,5,1,1,2,1,1,68,1,1,1
463601,5,2,-6,4,1,1,42,2,-6,-1
463618,5,1,-6,99,4,2,74,-9,-6,-1
463632,5,1,-6,5,5,1,58,2,-6,-1
463656,5,1,1,5,6,1,50,2,1,2
463687,5,1,1,7,7,1,62,2,2,2
463694,5,1,1,4,7,1,-9,2,3,2
463793,5,4,1,2,3,2,27,1,3,-1
463809,5,1,1,2,2,1,58,2,1,1
463854,5,1,1,99,1,2,66,2,2,1
463861,5,1,1,2,4,2,36,1,3,5
463892,5,1,2,99,4,2,58,2,4,-1
463908,5,1,1,3,1,2,70,1,2,1
463939,5,1,1,5,5,2,33,1,3,2
463946,5,1,1,5,5,1,59,1,2,2
463991,5,1,1,5,6,1,51,2,2,1
464000,5,1,1,6,7,1,61,2,2,2
464031,5,1,1,3,4,1,19,2,4,-1
464048,5,1,1,2,1,2,23,1,1,1
464192,5,1,1,4,3,2,68,1,4,1
464239,5,1,1,6,5,1,70,1,2,2
464246,5,4,1,5,6,1,43,1,2,2
464277,5,2,1,4,1,1,48,1,2,1
464291,5,1,1,4,4,2,49,1,2,1
464352,5,1,1,3,1,1,59,2,2,-1
464376,5,2,1,2,1,2,42,1,3,-1
464437,5,2,1,2,3,2,48,2,2,1
464451,5,3,-7,4,3,1,66,2,-7,-1
464499,5,1,1,99,7,1,78,2,2,2
464529,5,1,1,3,6,2,51,1,2,1
464536,5,6,1,4,4,2,44,2,3,-1
464574,5,5,1,4,6,2,48,1,1,1
464581,5,1,1,6,7,1,79,1,1,2
464628,5,1,1,3,1,2,42,2,2,1
464659,5,1,-6,4,1,1,45,2,-6,-1
464666,5,1,1,4,7,1,30,2,3,1
464673,5,6,1,1,3,2,28,2,2,1
464758,5,1,1,3,1,1,33,1,1,1
464765,5,1,1,6,7,1,46,2,1,2
464864,5,1,1,4,3,2,44,1,2,1
464888,5,6,1,7,7,2,73,1,2,2
464918,5,1,1,5,6,1,73,2,2,2
464970,5,1,1,3,1,2,71,1,2,1
464994,5,1,1,5,7,1,39,1,2,2
465003,5,4,2,6,7,1,59,2,3,2
465041,5,6,1,99,5,1,19,2,3,3
465119,5,1,1,99,7,2,64,2,2,2
465126,5,1,1,6,7,1,-9,1,1,2
465164,5,2,2,99,4,2,24,2,4,-1
465171,5,1,1,99,4,1,42,2,4,1
465195,5,1,1,3,3,1,80,2,2,1
465201,5,1,-6,1,3,2,36,2,-6,-1
465218,5,1,1,5,6,1,65,1,4,2
465225,5,3,1,2,3,2,26,2,2,1
465256,5,3,1,1,1,2,18,2,1,1
465287,5,1,1,4,3,1,73,2,1,1
465348,5,6,1,4,5,1,19,2,1,1
465423,5,1,1,2,1,2,79,2,2,1
465430,5,1,1,4,5,1,50,2,3,-8
465454,5,1,1,1,1,2,37,1,1,1
465461,5,1,1,2,1,2,80,2,2,1
465478,5,4,-6,5,6,1,68,2,-6,-1
465485,5,1,1,6,7,1,20,2,3,2
465508,5,1,1,6,7,1,39,2,1,2
465546,5,1,1,6,7,2,33,2,2,2
465577,5,1,1,6,7,1,62,2,2,2
465584,5,1,-6,99,4,1,50,1,-6,-1
465607,5,1,-6,4,1,1,77,2,-6,-1
465614,5,1,1,7,5,1,49,2,3,-1
465638,5,1,1,6,7,1,-9,2,4,2
465669,5,1,1,4,4,2,51,2,2,-1
465690,5,5,1,2,4,2,46,1,3,2
465713,5,1,1,6,7,2,38,2,3,-1
465737,5,1,1,6,6,1,64,2,3,2
465744,5,1,1,6,7,2,36,1,3,2
465768,5,3,1,4,6,1,-9,2,2,1
465799,5,1,1,4,4,1,36,1,3,1
465805,5,1,1,1,1,2,25,1,2,-1
465812,5,3,1,2,3,2,37,1,1,1
465836,5,1,1,4,5,2,-9,2,3,2
465867,5,1,1,4,6,2,65,1,2,2
465874,5,1,-6,4,1,2,72,1,-6,-1
465904,5,2,1,99,2,1,23,2,2,-1
465911,5,6,1,99,4,2,39,1,1,1
465928,5,1,1,4,2,2,74,2,2,2
466006,5,3,-7,6,2,2,49,1,-7,-1
466020,5,1,1,6,4,2,80,1,1,-9
466044,5,3,2,3,1,1,56,2,2,1
466068,5,1,1,1,2,2,41,1,2,1
466105,5,1,1,3,3,2,61,2,2,1
466143,5,3,-6,6,7,1,33,1,-6,-1
466150,5,1,1,2,-9,1,-9,2,2,1
466167,5,1,1,2,1,1,65,1,2,1
466204,5,1,1,4,4,1,79,2,2,1
466211,5,2,1,4,1,1,54,2,2,1
466228,5,1,1,3,4,2,75,1,1,1
466259,5,1,1,99,3,2,43,1,4,-1
466273,5,1,-6,5,5,2,66,2,-6,-1
466297,5,1,1,4,3,2,60,1,1,1
466341,5,1,1,1,3,2,34,1,2,1
466501,5,1,-7,4,6,2,74,2,-7,-1
466617,5,3,1,4,2,1,60,1,2,1
466624,5,1,1,4,1,1,66,1,2,1
466648,5,3,1,99,4,1,55,2,3,1
466655,5,1,1,3,2,1,54,2,2,1
466679,5,1,1,2,3,1,42,2,2,1
466709,5,1,2,6,4,2,78,1,3,-1
500043,6,1,1,1,1,2,65,2,2,1
500050,6,1,1,5,7,2,63,1,2,2
500081,6,1,1,2,2,2,51,1,2,1
500135,6,1,-6,2,3,2,33,1,-6,-1
500142,6,1,1,1,1,2,23,2,2,1
500173,6,1,1,2,2,1,27,2,2,1
500180,6,1,-6,6,5,1,68,1,-6,-1
500197,6,2,-6,99,4,2,42,2,-6,-1
500258,6,1,1,5,7,1,71,2,2,2
500272,6,1,1,6,7,1,80,1,1,2
500289,6,4,1,2,2,2,27,2,2,-1
500340,6,2,1,4,1,2,57,1,2,1
500562,6,1,2,3,2,2,42,1,4,1
500579,6,1,1,4,3,1,67,1,1,1
500593,6,1,1,1,3,2,68,2,2,1
500609,6,2,1,5,2,1,26,2,2,2
500616,6,1,1,6,5,1,61,2,2,2
500685,6,4,1,4,1,2,72,2,3,1
500692,6,1,1,2,1,2,76,2,1,1
500739,6,1,1,4,6,1,53,2,3,-1
500784,6,1,1,5,6,1,55,1,2,1
500791,6,1,1,5,1,1,24,1,3,-1
500869,6,1,1,3,1,1,61,2,1,1
500876,6,1,-6,2,1,2,65,2,-6,-1
500937,6,1,1,3,3,2,36,1,3,1
500982,6,1,-6,7,7,1,80,1,-6,-1
501039,6,4,1,5,3,1,63,1,2,1
501060,6,-9,1,-9,-9,-9,-9,-9,2,2
501138,6,4,1,3,1,2,64,1,1,1
501237,6,1,-6,6,7,1,69,1,-6,-1
501244,6,1,1,5,7,2,44,1,2,2
501398,6,2,1,5,6,1,32,2,2,1
501428,6,1,1,4,5,2,70,2,2,2
501435,6,-9,1,6,7,1,64,1,1,2
501541,6,1,1,4,1,2,58,2,3,1
501565,6,1,1,99,4,1,23,2,4,-1
501572,6,1,1,4,3,2,72,2,2,1
501619,6,3,-6,99,1,2,67,1,-6,-1
501626,6,1,1,3,2,2,77,1,2,1
501749,6,1,-6,99,5,1,21,2,-6,-1
501831,6,1,1,3,2,2,65,1,3,1
501855,6,1,2,4,7,2,32,2,3,-1
501947,6,1,1,99,5,2,50,1,2,2
501954,6,2,1,6,4,2,31,2,3,-1
501978,6,1,1,3,2,1,80,1,2,1
502117,6,1,1,2,1,2,41,2,1,1
502131,6,1,-6,4,-8,2,28,1,-6,-1
502407,6,2,1,6,6,1,47,1,3,2
502421,6,1,1,6,7,2,79,1,1,2
502452,6,1,1,99,4,1,70,2,2,1
502476,6,3,1,4,1,2,30,2,2,1
502537,6,1,2,99,4,2,31,1,4,-1
502582,6,-9,1,2,1,1,77,2,2,1
502599,6,1,-6,1,3,1,20,1,-6,-1
502612,6,3,1,99,3,2,19,2,3,1
502773,6,3,2,99,4,1,27,2,4,-1
502797,6,1,1,2,1,2,40,2,4,-9
502933,6,4,1,6,6,1,28,1,4,2
503035,6,1,1,5,5,1,79,2,2,2
503073,6,1,1,4,3,2,43,1,2,1
503080,6,1,1,5,6,1,39,2,3,-1
503127,6,1,1,99,7,2,61,2,2,2
503165,6,1,1,5,5,1,50,1,2,2
503233,6,1,1,6,5,1,64,2,2,2
503400,6,1,2,6,7,1,74,1,2,2
503455,6,1,1,1,3,2,31,1,1,5
503677,6,2,1,2,2,1,33,2,1,1
503752,6,1,2,99,3,2,31,2,4,-1
503769,6,1,1,2,1,2,70,1,1,1
503776,6,1,2,4,5,-9,47,2,4,2
503820,6,1,1,4,2,1,58,2,3,-9
504113,6,1,1,4,3,1,22,1,2,-1
504137,6,1,1,4,7,2,54,2,2,2
504236,6,1,1,3,1,2,75,1,1,1
504267,6,1,1,5,7,1,63,1,2,1
504298,6,1,1,6,7,1,71,1,2,-1
504304,6,1,-6,4,6,1,44,2,-6,2
504328,6,1,1,2,1,1,80,2,2,1
504335,6,1,-6,1,1,2,48,2,-6,-1
504366,6,1,1,5,6,1,72,2,4,1
504441,6,1,1,4,2,1,31,2,3,1
504458,6,1,1,4,1,2,61,1,2,1
504601,6,1,1,6,6,1,61,1,1,2
504649,6,1,-6,4,1,2,44,1,-6,-1
504731,6,3,1,5,6,2,51,2,2,1
504816,6,1,1,4,5,2,43,1,2,-1
504823,6,4,1,6,1,1,75,1,2,1
504854,6,1,1,6,3,2,59,1,2,1
504878,6,1,1,2,1,1,43,2,1,1
504946,6,1,1,99,6,1,78,1,2,1
504960,6,1,1,4,4,2,62,1,3,2
504977,6,1,1,5,1,1,55,2,2,1
505017,6,4,1,1,1,2,26,2,1,1
505062,6,1,1,6,7,2,72,1,3,2
505185,6,3,-6,5,1,1,60,1,-6,-1
505192,6,1,1,6,7,1,80,1,3,2
505222,6,1,1,99,4,2,19,2,3,-1
505338,6,3,-6,5,2,1,20,1,-6,-1
505390,6,1,1,6,7,2,65,1,1,2
505406,6,1,1,2,1,1,69,2,2,1
505413,6,3,-6,4,1,2,45,1,-6,-1
505420,6,3,-6,3,2,2,23,1,-6,-1
505437,6,2,1,1,1,1,63,2,1,1
505451,6,1,1,3,3,2,27,2,2,1
505482,6,1,1,6,7,1,71,2,2,2
505529,6,3,1,4,3,1,73,2,2,1
505642,6,1,1,3,3,2,57,1,2,1
505659,6,1,-6,1,1,2,56,2,-6,-1
505673,6,1,1,99,6,2,64,2,2,-1
505710,6,3,1,99,4,1,29,2,3,3
505833,6,1,1,2,2,2,48,2,2,1
505840,6,1,1,6,6,1,54,1,3,2
505888,6,1,-6,3,1,2,21,2,-6,-1
505949,6,1,1,6,7,1,53,2,3,2
505956,6,1,1,5,7,1,41,1,2,2
506058,6,3,1,3,2,2,27,1,2,1
506126,6,1,1,6,7,2,80,1,2,2
506133,6,1,1,6,7,2,78,2,2,2
506164,6,1,-6,99,6,1,29,2,-6,-1
506201,6,1,1,99,4,2,74,1,2,-1
506225,6,2,1,4,2,1,45,1,2,1
506263,6,1,1,6,7,2,54,2,1,2
506300,6,3,1,4,2,1,59,2,2,1
506317,6,1,1,2,1,2,65,1,1,1
506362,6,1,1,2,1,1,49,2,2,1
506447,6,1,1,3,1,2,69,2,2,1
506485,6,1,1,2,1,1,36,2,1,1
506492,6,3,-6,1,3,2,36,2,-6,-1
506539,6,1,1,6,7,1,66,1,1,2
506577,6,-9,-6,99,1,1,59,2,-6,-1
506645,6,1,1,1,1,1,33,2,1,1
506720,6,1,1,5,2,1,72,1,2,1
506737,6,1,1,3,1,2,68,2,1,1
506775,6,-8,1,3,2,2,67,2,2,1
506799,6,2,1,2,1,2,51,2,2,1
506805,6,1,1,5,7,2,67,1,2,2
506881,6,1,1,3,3,2,50,2,4,1
506904,6,1,1,1,3,2,67,2,1,1
506911,6,2,-6,4,2,2,68,2,-6,-1
506973,6,2,1,4,1,1,67,1,2,1
507044,6,1,1,5,7,2,27,1,1,-1
507051,6,2,1,99,1,1,67,2,2,1
507167,6,1,1,3,3,1,19,2,1,1
507198,6,3,1,4,3,2,63,1,2,1
507228,6,1,1,99,1,2,60,1,2,-1
507235,6,1,2,4,7,2,39,2,2,2
507426,6,1,1,99,7,1,38,1,2,2
507457,6,2,1,6,4,1,36,2,1,-1
507464,6,4,1,5,4,2,46,1,2,-1
507501,6,1,2,6,7,2,36,2,2,2
507563,6,1,1,6,7,1,57,2,3,2
507570,6,1,1,5,7,2,32,1,2,2
507594,6,1,1,4,6,1,61,2,2,1
507617,6,1,1,6,7,2,70,1,1,2
507631,6,1,1,6,7,2,65,2,1,2
507716,6,1,1,6,7,2,71,1,2,2
507730,6,1,1,5,5,2,65,1,3,-1
507785,6,1,1,99,4,1,65,1,2,-1
507815,6,1,1,7,7,1,75,2,1,2
507846,6,1,1,2,3,2,39,1,3,1
507853,6,6,-6,2,4,2,27,1,-6,-1
507891,6,2,2,99,1,1,64,2,3,-1
507921,6,1,-6,6,5,1,65,2,-6,-1
508085,6,1,1,3,2,1,56,2,1,1
508108,6,1,1,3,2,1,50,2,3,1
508122,6,1,-6,4,1,2,75,2,-6,-1
508160,6,1,1,3,3,1,66,2,2,1
508191,6,1,-6,2,1,2,27,1,-6,-1
508276,6,1,1,1,1,2,41,2,1,1
508306,6,1,1,4,3,1,60,1,2,1
508375,6,1,1,6,5,2,58,2,1,2
508399,6,1,2,4,4,2,74,1,2,-1
508511,6,1,1,4,5,1,65,1,1,2
508580,6,1,1,6,7,2,63,2,1,2
508627,6,3,1,6,7,1,27,2,1,2
508672,6,1,1,2,1,2,48,2,1,1
508726,6,1,1,5,5,1,38,1,2,3
508764,6,1,1,6,5,1,63,2,2,2
508795,6,1,1,1,3,2,41,2,2,1
508832,6,1,1,4,6,1,32,1,2,2
508894,6,2,1,3,1,1,63,2,1,1
509002,6,1,2,6,6,1,61,2,2,2
509057,6,4,1,3,2,1,44,2,2,1
509064,6,1,-6,3,3,1,31,2,-6,-1
509095,6,1,2,6,4,1,27,1,2,-1
509163,6,3,1,3,3,2,28,2,2,1
509194,6,1,-6,4,5,1,79,2,-6,-1
509217,6,1,2,6,7,2,38,1,2,2
509286,6,-8,1,4,4,2,59,2,2,1
509354,6,1,1,6,7,2,59,2,2,2
509392,6,2,-6,5,2,1,36,2,-6,-1
509491,6,2,-6,99,1,1,53,1,-6,-1
509521,6,1,1,6,5,1,70,1,1,2
509545,6,1,1,6,5,1,50,1,4,2
509583,6,2,2,4,1,1,30,1,1,1
509644,6,1,1,7,7,1,66,2,2,2
509682,6,1,1,5,3,2,65,2,2,1
509743,6,1,1,6,7,2,31,2,2,2
509828,6,1,1,4,2,1,80,2,1,1
509842,6,1,1,3,2,2,33,1,2,1
509866,6,1,1,4,3,2,76,2,1,1
509941,6,1,-6,2,3,2,69,1,-6,-1
509989,6,1,1,2,1,2,48,2,2,1
510057,6,1,-6,4,3,1,33,1,-6,-1
510118,6,1,1,4,1,1,57,1,2,1
510132,6,2,-6,2,3,1,36,1,-6,-1
510149,6,1,1,2,1,1,77,2,1,1
510248,6,1,1,2,1,1,69,2,1,1
510255,6,1,2,5,5,2,79,1,2,2
510279,6,2,-6,4,3,2,37,1,-6,1
510354,6,1,1,2,1,2,59,1,1,1
510477,6,1,1,7,5,1,80,1,3,-1
510491,6,1,1,99,5,2,32,2,2,2
510514,6,1,-6,3,1,2,47,1,-6,-1
510545,6,1,1,99,1,2,60,2,3,2
510705,6,1,1,5,6,2,23,2,2,2
510712,6,2,-6,3,1,1,51,2,-6,-1
510743,6,5,1,99,2,1,42,2,3,-1
510811,6,-9,-6,2,3,2,25,2,-6,1
510910,6,1,1,4,5,2,55,1,1,5
510958,6,1,1,4,1,1,72,1,1,1
510989,6,1,1,4,5,1,58,2,1,4
510996,6,1,-6,5,6,2,31,1,-6,-1
511005,6,1,1,7,7,1,78,2,1,2
511067,6,1,1,99,7,2,56,2,3,2
511074,6,1,1,2,3,2,71,1,1,1
511098,6,6,2,3,3,2,65,2,1,1
511104,6,1,1,2,1,1,69,2,1,1
511111,6,1,1,2,1,2,50,2,1,1
511166,6,1,1,6,7,2,80,1,2,2
511180,6,1,1,4,3,2,36,1,2,1
511241,6,1,1,4,7,2,44,2,4,2
511296,6,6,1,6,7,1,53,1,1,1
511319,6,1,-6,5,5,1,45,2,-6,-1
511333,6,1,-6,1,1,2,25,1,-6,-1
511395,6,1,1,4,6,1,52,2,3,1
511432,6,2,1,4,1,1,34,2,4,1
511517,6,1,1,2,1,2,78,2,1,1
511531,6,3,-7,4,3,1,45,1,-7,-1
511623,6,-9,1,4,-9,-9,-9,2,1,-9
511630,6,2,1,6,3,2,23,1,2,-1
511654,6,1,1,4,4,1,51,2,1,1
511661,6,1,1,4,4,1,80,2,2,-9
511746,6,2,1,1,2,1,72,2,1,1
511784,6,1,1,2,2,2,41,1,3,1
511821,6,1,-6,2,3,2,24,1,-6,-1
511876,6,1,1,2,4,2,30,2,2,-1
511920,6,1,1,5,1,1,55,1,2,1
512046,6,1,1,3,2,1,49,1,2,1
512060,6,1,1,6,6,1,74,1,2,2
512091,6,1,-6,4,5,2,48,1,-6,-1
512107,6,1,1,2,3,2,64,2,1,1
512145,6,1,-6,6,7,1,80,1,-6,-1
512169,6,2,1,4,3,2,27,2,2,-1
512237,6,1,1,-9,-9,1,-9,2,1,2
512251,6,1,1,5,5,2,28,2,2,3
512329,6,3,1,2,4,1,50,1,1,1
512350,6,1,1,4,6,1,49,1,3,2
512398,6,1,1,6,5,1,65,1,1,1
512411,6,1,1,2,3,2,49,1,1,1
512435,6,1,1,6,7,1,40,2,1,2
512459,6,2,1,5,2,-8,21,2,4,1
512473,6,1,1,1,1,2,69,1,2,1
512497,6,1,1,2,1,2,68,2,2,1
512503,6,1,2,99,7,1,23,1,3,2
512626,6,1,-6,2,1,2,32,2,-6,-1
512749,6,1,1,2,3,2,59,1,2,1
512770,6,2,1,99,1,1,51,2,2,1
512817,6,1,1,3,1,2,52,1,1,1
512848,6,3,2,99,4,2,22,1,2,-1
512862,6,1,2,99,6,2,80,2,4,2
512886,6,3,1,4,2,1,47,1,2,1
512923,6,1,1,3,3,1,67,1,1,1
512930,6,2,1,99,3,1,29,2,2,1
513018,6,1,1,1,7,1,62,1,1,2
513063,6,2,1,6,6,1,65,1,4,1
513124,6,3,2,4,6,1,47,2,3,2
513162,6,5,2,4,5,1,20,2,2,-1
513186,6,3,-6,2,1,2,30,2,-6,-1
513193,6,1,2,4,4,1,72,1,3,1
513209,6,1,1,2,7,1,57,2,2,2
513254,6,6,-6,7,7,1,48,1,-6,-1
513506,6,1,1,3,2,2,70,2,2,1
513544,6,3,1,99,2,1,61,1,1,1
513582,6,1,1,2,1,2,77,2,2,1
513605,6,1,1,3,3,1,80,2,2,1
513674,6,1,1,6,7,1,80,1,1,2
513759,6,2,1,4,3,1,33,2,2,3
513773,6,3,1,2,1,2,18,2,1,1
513797,6,1,1,2,1,1,32,2,2,1
513865,6,1,-6,5,5,1,25,2,-6,-1
514011,6,2,2,1,1,1,68,2,3,1
514028,6,1,1,99,7,2,54,1,3,2
514035,6,1,1,6,5,2,58,2,2,-1
514059,6,1,1,6,7,2,35,1,2,2
514103,6,1,1,1,1,2,27,1,1,1
514134,6,1,1,4,1,2,67,2,2,1
514141,6,1,1,6,5,2,65,1,1,2
514202,6,1,1,6,7,1,80,2,1,2
514226,6,1,1,6,7,1,66,1,2,2
514349,6,1,1,99,4,2,46,2,4,-1
514363,6,4,1,4,4,2,72,2,2,1
514387,6,1,1,4,1,2,80,2,1,1
514417,6,1,1,5,1,1,63,2,2,1
514479,6,1,1,7,7,2,47,2,2,2
514592,6,1,1,4,3,2,72,2,2,1
514646,6,1,1,5,5,2,61,1,2,2
514653,6,1,1,2,1,2,61,2,1,1
514714,6,1,1,3,-9,2,26,2,1,-1
514745,6,1,1,4,2,1,48,1,3,1
514813,6,1,1,3,6,2,74,2,2,2
514851,6,1,-6,99,7,2,79,2,-6,-1
514868,6,1,1,6,7,1,23,1,2,2
514899,6,1,1,6,7,1,79,2,2,2
514905,6,1,1,6,7,2,70,2,1,2
514929,6,1,-6,2,1,2,30,2,-6,-1
515007,6,1,1,2,2,1,54,1,1,1
515014,6,2,1,99,1,1,68,2,3,1
515021,6,5,1,2,4,2,47,2,2,1
515052,6,2,1,7,3,1,50,1,2,2
515120,6,1,-6,6,6,1,18,2,-6,-1
515236,6,1,1,99,7,1,63,2,2,2
515298,6,1,1,2,1,2,74,1,1,1
515311,6,1,1,4,5,2,29,1,2,1
515335,6,1,1,2,1,2,80,1,1,1
515359,6,1,1,99,4,1,60,2,1,-1
515366,6,1,2,99,3,1,28,1,3,1
515427,6,1,1,6,5,1,52,1,1,2
515472,6,1,1,2,1,1,37,1,2,1
515526,6,1,1,6,7,1,25,1,4,2
515595,6,5,1,7,5,1,40,1,2,2
515632,6,2,-6,99,1,2,27,1,-6,1
515656,6,1,-6,4,3,1,49,1,-6,-1
515687,6,1,1,4,6,2,33,2,1,2
515724,6,1,1,3,5,1,51,2,1,2
515793,6,1,1,5,3,2,80,1,1,1
515830,6,1,1,2,1,2,28,2,3,1
515885,6,1,-6,4,5,2,33,1,-6,-1
515915,6,1,-6,7,7,1,28,1,-6,-1
515953,6,1,1,3,2,1,64,2,2,1
515984,6,1,1,2,1,1,62,2,1,1
516048,6,1,1,4,4,2,26,2,4,-1
516062,6,1,1,3,3,2,45,2,2,1
516116,6,1,-7,4,1,2,79,1,-7,-1
516376,6,1,1,2,2,2,72,1,2,1
516420,6,1,-6,7,7,1,64,2,-6,-1
516444,6,1,1,2,1,2,58,2,1,1
516451,6,1,1,4,5,1,50,1,4,2
516550,6,1,1,6,5,1,54,1,2,2
516581,6,1,1,6,7,2,33,1,2,2
516628,6,1,1,6,5,2,60,1,4,2
516642,6,1,1,-8,1,1,60,2,1,1
516703,6,1,1,4,3,2,32,1,2,1
516727,6,1,1,6,7,2,59,1,1,-1
516758,6,1,1,6,5,2,64,1,1,2
516772,6,2,1,99,3,2,23,2,2,-1
516789,6,2,1,99,1,1,21,2,2,1
516802,6,1,1,5,1,2,72,1,2,1
516819,6,2,1,1,1,1,74,1,1,1
516840,6,1,-6,2,4,2,34,2,-6,-1
516895,6,1,1,6,6,1,62,1,2,2
516949,6,1,1,5,7,2,56,2,2,2
516963,6,1,1,3,4,2,19,2,3,2
517089,6,1,1,2,1,2,64,2,1,1
517102,6,1,-6,5,6,1,61,2,-6,-1
517218,6,1,1,6,5,1,72,1,2,2
517249,6,1,-6,2,3,2,37,1,-6,-1
517256,6,1,2,99,7,2,37,1,4,-1
517270,6,1,1,6,7,1,66,1,2,-1
517287,6,1,1,2,1,2,35,1,1,1
517379,6,2,1,2,1,1,46,2,1,1
517461,6,1,1,99,2,1,73,2,2,1
517546,6,2,1,4,2,1,28,2,3,-1
517584,6,1,1,3,1,2,62,1,2,1
517638,6,1,1,7,5,1,61,1,1,2
517652,6,1,2,6,7,2,31,2,2,2
517669,6,1,1,1,1,2,50,2,1,-1
517676,6,1,1,6,6,2,45,2,2,1
517812,6,1,1,3,2,1,67,1,2,1
517867,6,1,1,6,5,2,51,1,3,2
517898,6,1,1,4,5,1,71,2,1,1
517911,6,1,-6,6,5,1,67,1,-6,-1
517928,6,1,-6,4,2,2,-9,2,-6,-1
518075,6,1,1,2,7,2,64,1,3,2
518136,6,1,1,3,1,2,73,1,1,1
518174,6,5,1,5,6,1,30,2,1,1
518198,6,1,1,6,5,1,73,1,1,2
518211,6,6,1,3,4,2,35,1,2,3
518273,6,-8,1,99,1,1,80,2,1,1
518341,6,1,1,5,7,1,63,2,2,2
518495,6,1,1,4,3,1,56,2,2,1
518501,6,1,-6,3,5,1,38,1,-6,-1
518549,6,1,1,3,3,1,42,1,1,1
518587,6,2,1,6,7,1,36,1,2,-1
518631,6,3,1,6,7,2,31,1,1,2
518716,6,1,1,4,5,2,25,2,3,2
518730,6,4,-6,1,4,2,75,2,-6,-1
518747,6,1,-6,99,1,2,54,2,-6,-1
518761,6,2,2,4,2,1,27,1,2,1
518808,6,1,1,2,4,2,28,1,2,1
518822,6,1,1,5,5,1,59,1,1,2
518839,6,1,1,3,3,2,35,1,1,1
518853,6,1,1,6,6,2,32,1,4,-1
518860,6,1,1,7,5,1,40,1,1,2
518877,6,1,1,99,7,2,80,2,2,1
518884,6,3,1,4,5,2,37,2,2,-1
518891,6,1,-6,6,5,-8,-9,1,-6,-1
518952,6,2,1,4,1,2,65,2,2,1
518990,6,1,1,3,2,2,35,2,2,-1
519030,6,1,1,4,1,1,-9,1,1,1
519238,6,1,1,6,7,1,69,2,3,2
519276,6,1,1,6,5,2,76,1,2,2
519337,6,1,1,99,6,2,20,2,3,2
519351,6,1,1,4,5,2,75,1,2,1
519375,6,6,1,99,4,2,19,2,1,-1
519436,6,1,2,4,4,2,24,2,2,2
519450,6,1,-6,6,7,1,46,2,-6,-1
519542,6,1,2,4,4,2,32,1,2,-1
519580,6,1,1,6,5,1,71,2,2,2
519658,6,4,1,99,7,1,61,2,3,2
519696,6,1,1,2,3,2,44,1,2,1
519719,6,3,2,99,3,1,39,2,4,5
519726,6,1,1,99,7,2,58,2,3,2
519795,6,1,1,5,5,1,71,2,2,2
519832,6,1,1,6,7,1,45,2,1,2
519931,6,2,1,4,2,2,37,2,3,-1
519955,6,3,-6,1,2,1,26,1,-6,-1
520009,6,1,-6,3,2,2,36,2,-6,-1
520016,6,1,1,6,5,1,63,2,4,2
520054,6,1,1,4,5,1,41,1,2,-1
520078,6,1,1,6,5,1,58,2,2,2
520139,6,1,-6,6,7,1,50,1,-6,-1
520160,6,3,1,4,1,1,54,1,2,1
520177,6,3,1,5,5,2,32,1,1,2
520313,6,1,1,1,3,2,34,1,1,1
520337,6,1,1,3,2,2,48,2,2,1
520382,6,2,1,99,1,1,68,1,3,1
520429,6,2,-6,99,2,1,31,2,-6,-1
520474,6,1,1,5,7,1,57,2,2,2
520481,6,1,1,4,5,2,58,1,2,1
520603,6,1,-6,4,-8,2,30,2,-6,-1
520672,6,1,-6,3,1,2,47,1,-6,-1
520696,6,1,1,4,6,2,45,1,3,-1
520726,6,1,1,4,4,2,56,2,4,2
520788,6,1,1,5,4,1,37,1,3,2
520801,6,2,1,99,1,2,66,2,1,1
520832,6,5,1,99,3,2,54,1,2,-1
520856,6,1,1,4,5,2,39,2,3,1
520924,6,1,1,5,6,1,49,1,1,2
520931,6,4,1,3,1,2,53,2,2,1
520986,6,1,-6,7,5,1,65,2,-6,-1
521156,6,2,1,99,1,1,61,2,2,1
521217,6,2,1,3,4,2,65,1,2,1
521255,6,1,2,5,6,1,24,1,2,2
521279,6,1,1,99,7,1,74,1,3,2
521293,6,1,1,2,2,1,26,1,2,1
521309,6,1,1,4,4,1,43,1,2,-1
521378,6,1,1,3,1,1,59,1,1,1
521385,6,1,1,2,1,1,80,2,2,1
521446,6,1,1,2,1,1,69,2,-5,1
521613,6,1,2,7,7,2,63,1,3,2
521668,6,1,1,1,1,1,45,1,2,1
521675,6,1,1,4,1,2,80,2,3,1
521699,6,1,1,99,1,1,50,2,3,-1
521712,6,1,1,6,7,2,34,2,2,2
521804,6,1,1,5,6,2,75,1,3,2
521859,6,1,1,3,3,1,38,1,1,2
521866,6,1,1,6,7,1,80,2,2,2
521941,6,3,1,99,4,2,51,2,1,-1
521972,6,3,1,2,2,2,28,2,2,1
521989,6,1,1,7,7,2,39,2,1,2
521996,6,1,1,4,3,2,71,1,2,1
522005,6,1,1,5,6,1,66,2,2,-1
522098,6,1,1,7,7,1,42,2,3,2
522128,6,1,2,6,6,1,27,1,3,-1
522135,6,6,1,4,7,1,55,2,2,2
522166,6,1,1,2,1,2,52,2,1,1
522173,6,6,1,2,3,2,38,2,2,1
522180,6,1,1,7,7,1,42,1,1,2
522241,6,1,1,6,7,1,64,1,2,2
522289,6,1,-6,99,5,2,45,1,-6,-1
522296,6,3,1,2,2,2,27,2,2,-1
522319,6,1,2,5,5,2,25,1,2,2
522470,6,1,1,2,2,2,38,2,2,1
522517,6,4,1,3,2,2,42,1,1,1
522524,6,1,1,2,3,-8,49,2,2,1
522586,6,1,1,5,6,2,22,1,3,-1
522593,6,1,-6,6,7,2,59,1,-6,-1
522616,6,3,1,4,1,1,57,2,1,1
522654,6,1,-6,2,2,2,49,1,-6,-1
522678,6,1,1,5,1,1,39,2,3,2
522685,6,1,1,3,1,1,73,1,1,1
522722,6,1,1,7,7,2,73,2,2,2
522814,6,1,1,4,3,1,43,2,2,1
522906,6,4,1,4,3,1,45,2,1,1
522913,6,1,1,5,6,2,66,1,3,2
522982,6,6,1,2,3,1,72,1,1,1
523015,6,1,2,3,1,2,58,1,2,1
523077,6,-8,2,2,5,2,38,2,3,-1
523091,6,1,1,2,1,1,60,2,2,1
523176,6,-8,1,99,4,2,32,1,3,-1
523183,6,1,1,4,3,2,60,2,2,1
523190,6,1,1,5,6,1,45,2,2,1
523220,6,1,-6,5,5,2,32,2,-6,-1
523237,6,1,1,4,5,1,59,1,2,1
523244,6,1,1,99,3,2,40,1,1,-1
523299,6,1,-6,4,1,1,72,2,-6,-1
523367,6,1,1,4,7,1,62,1,2,2
523374,6,1,1,2,1,2,28,2,2,1
523497,6,5,1,1,4,2,72,2,1,3
523510,6,3,1,2,1,2,65,2,2,1
523565,6,1,1,5,6,1,50,1,3,-1
523633,6,2,-7,99,2,2,33,2,-7,-1
523657,6,1,1,1,1,2,32,2,1,1
523756,6,1,1,2,2,1,19,1,2,1
523763,6,2,2,99,5,1,27,2,3,-1
523800,6,6,1,99,2,2,58,2,2,-1
523831,6,1,1,4,1,1,69,2,1,1
523862,6,1,-6,6,5,2,33,1,-6,-1
523879,6,1,-6,6,7,1,67,2,-6,-1
523923,6,1,1,6,7,1,63,2,2,2
523947,6,1,1,6,7,2,69,1,1,2
523954,6,1,1,4,6,2,32,2,2,2
523978,6,1,1,3,4,2,48,2,2,2
524001,6,3,1,4,2,2,45,2,3,-1
524018,6,1,-6,4,3,1,57,2,-6,-1
524063,6,1,-6,2,1,2,47,1,-6,-1
524087,6,1,1,6,7,1,57,1,1,2
524155,6,1,-6,3,2,2,56,1,-6,-1
524179,6,1,-6,6,7,2,30,2,-6,-1
524247,6,1,-6,3,2,1,-9,2,-6,-1
524261,6,1,1,2,2,1,70,1,1,1
524285,6,1,1,4,2,1,55,1,2,1
524308,6,1,1,2,3,2,59,2,2,1
524339,6,1,1,1,2,1,80,1,1,1
524384,6,1,1,3,3,-9,69,1,2,1
524407,6,1,1,5,6,2,25,1,2,1
524438,6,1,1,6,7,1,55,1,2,2
524520,6,1,1,2,1,1,60,2,1,1
524582,6,4,2,2,3,1,44,1,3,2
524650,6,1,-6,99,7,2,30,2,-6,-1
524728,6,1,1,6,6,2,80,1,2,2
524810,6,1,1,6,6,1,44,2,1,2
524940,6,1,-6,99,3,1,73,1,-6,-1
524988,6,1,1,2,1,2,78,1,1,1
524995,6,1,-6,2,1,2,23,2,-6,-1
525004,6,1,1,2,7,1,77,1,2,2
525059,6,1,1,4,2,2,25,2,2,-1
525134,6,1,-6,4,2,2,40,1,-6,-1
525158,6,2,1,5,3,1,45,1,2,1
525189,6,1,-6,6,7,1,47,2,-6,-1
525226,6,1,1,6,7,1,64,1,1,2
525257,6,6,1,4,5,1,45,2,2,-1
525264,6,2,1,99,1,1,35,2,2,1
525394,6,1,1,6,7,1,76,2,2,2
525516,6,1,1,5,5,1,58,2,3,-1
525561,6,1,1,6,7,1,48,1,3,2
525585,6,3,1,4,2,1,42,2,1,1
525592,6,1,-6,1,3,2,28,1,-6,-1
525608,6,3,1,7,7,1,56,1,1,2
525769,6,1,-6,4,5,2,43,2,-6,-1
525806,6,1,1,2,1,2,52,2,2,1
525981,6,2,1,99,4,1,46,2,2,5
526021,6,1,1,1,1,2,63,2,2,1
526052,6,1,1,4,4,2,32,1,3,-1
526182,6,1,1,99,6,1,79,1,3,-1
526205,6,2,1,99,4,2,47,2,4,-1
526311,6,1,1,4,6,2,80,1,3,1
526328,6,1,1,2,1,1,34,1,2,1
526335,6,1,1,4,5,1,76,1,2,-1
526380,6,1,1,2,1,2,55,2,2,1
526410,6,3,1,99,5,2,22,1,2,1
526458,6,2,1,2,1,1,35,1,4,1
526533,6,1,-6,1,1,2,51,1,-6,1
526557,6,1,1,2,2,2,32,2,3,1
526588,6,1,1,7,6,2,60,2,3,2
526618,6,2,1,99,3,2,35,1,3,5
526632,6,1,1,99,1,2,31,2,2,1
526816,6,1,1,6,5,2,35,2,2,1
526830,6,1,1,2,1,2,69,2,1,1
526892,6,1,1,3,1,1,73,2,2,1
526908,6,1,1,99,6,1,74,2,3,1
526946,6,3,-6,99,6,2,50,2,-6,-1
527024,6,1,1,4,7,1,45,2,1,2
527048,6,1,1,1,1,2,67,2,2,1
527079,6,1,1,2,1,2,38,2,2,1
527086,6,1,1,3,3,1,65,1,2,1
527161,6,3,1,6,7,2,34,1,2,2
527215,6,1,1,5,6,2,29,2,2,2
527314,6,3,1,4,2,2,33,2,2,1
527338,6,1,1,2,1,2,38,1,-5,1
527345,6,1,1,6,7,2,71,2,1,2
527352,6,1,1,99,2,2,30,1,2,2
527390,6,1,1,5,6,1,42,1,2,2
527406,6,2,1,3,2,1,18,1,3,1
527475,6,2,1,3,1,2,62,1,2,1
527499,6,1,1,6,5,2,53,1,1,2
527529,6,4,1,3,2,2,29,1,1,1
527550,6,1,-6,2,1,2,22,1,-6,-1
527611,6,1,1,4,4,2,73,2,2,1
527666,6,3,1,99,3,2,30,2,4,-1
527673,6,1,1,6,7,1,51,2,2,2
527697,6,1,1,5,6,1,57,1,2,2
527772,6,3,1,99,2,1,38,2,1,1
527796,6,1,1,4,4,2,35,1,1,3
527840,6,1,1,2,1,2,69,2,2,1
527871,6,1,-6,6,7,1,80,2,-6,-1
527888,6,1,1,4,4,1,78,2,1,-9
527895,6,1,1,2,1,2,38,2,2,1
527970,6,1,1,4,3,2,62,1,2,1
528003,6,3,1,5,5,1,32,1,3,2
528096,6,6,1,5,4,1,38,2,2,-1
528119,6,1,1,6,5,2,28,2,1,2
528171,6,1,1,99,6,1,30,2,2,2
528195,6,6,-6,5,2,2,62,2,-6,1
528300,6,1,1,4,4,1,25,2,4,-1
528317,6,1,1,2,1,2,25,2,1,1
528355,6,1,1,4,6,1,44,2,3,1
528461,6,3,1,2,1,2,35,1,2,1
528577,6,1,1,1,1,2,60,1,1,1
528652,6,1,1,6,7,2,24,1,2,2
528676,6,1,1,4,3,2,69,1,2,1
528683,6,1,1,99,3,1,36,2,3,2
528690,6,1,1,7,7,1,79,1,2,2
528829,6,1,1,7,6,1,78,2,1,2
528898,6,4,1,5,5,2,66,1,2,2
528904,6,4,1,5,3,1,44,1,1,1
528959,6,1,1,6,5,1,67,2,2,2
528980,6,1,1,4,3,2,43,1,2,1
529044,6,2,1,99,1,2,18,2,2,1
529105,6,-9,1,4,3,1,64,1,1,1
529136,6,1,-6,99,5,2,27,1,-6,-1
529143,6,1,1,4,2,2,70,1,2,1
529211,6,2,2,2,3,2,41,2,2,-1
529273,6,1,1,99,5,1,62,2,2,2
529303,6,1,1,6,6,1,80,1,2,1
529358,6,1,-6,2,1,2,-9,2,-6,-1
529389,6,2,-6,3,3,2,33,2,-6,-1
529464,6,1,1,3,3,2,69,1,4,3
529471,6,1,-7,3,2,2,27,2,-7,-1
529587,6,1,1,2,2,2,25,1,4,1
529600,6,2,1,4,2,2,69,2,4,1
529679,6,1,1,6,5,1,40,1,1,2
529785,6,1,1,3,4,1,43,2,4,-1
529792,6,2,1,99,3,2,29,1,1,1
529808,6,1,1,99,7,1,33,2,3,-1
529945,6,1,1,6,6,1,55,1,1,1
530105,6,2,-6,4,3,1,41,2,-6,-1
530174,6,6,2,4,5,2,56,2,2,2
530198,6,1,1,6,5,2,65,2,2,-1
530297,6,1,1,6,7,1,39,2,2,2
530402,6,1,-6,99,7,2,74,2,-6,-1
530419,6,3,-6,2,1,2,24,1,-6,-1
530433,6,1,1,5,5,1,73,1,2,2
530488,6,1,1,3,1,2,51,2,1,1
530532,6,1,1,2,1,1,56,1,3,-1
530556,6,2,2,4,1,1,40,2,2,1
530594,6,1,1,6,6,1,43,1,2,2
530693,6,1,1,4,3,1,69,2,2,1
530716,6,1,1,6,6,1,48,1,3,2
530792,6,1,2,5,6,2,72,1,3,-1
531085,6,1,1,2,1,2,62,2,1,1
531160,6,1,1,3,3,2,32,1,1,1
531221,6,6,1,6,5,2,66,2,2,2
531283,6,1,1,99,5,2,62,2,2,2
531306,6,1,1,3,1,2,30,2,2,1
531351,6,6,1,7,7,2,56,2,2,2
531368,6,1,1,5,7,1,40,1,2,2
531399,6,3,1,5,7,2,30,1,2,2
531436,6,1,1,2,1,1,59,1,1,1
531481,6,3,-6,99,7,2,36,2,-6,-1
531542,6,2,-6,4,2,1,58,2,-6,-1
531580,6,2,1,2,1,1,79,2,2,1
531733,6,5,1,99,1,1,61,2,2,1
531757,6,1,1,3,5,2,51,2,2,-1
531818,6,1,1,5,6,2,71,1,2,2
531863,6,4,1,1,1,1,37,2,1,1
531948,6,3,-6,99,2,1,75,1,-6,-1
532002,6,1,1,3,3,1,45,2,3,1
532019,6,1,2,4,4,2,50,1,4,-1
532026,6,1,1,4,1,2,67,2,2,1
532033,6,2,1,99,3,2,51,2,4,-1
532088,6,1,1,3,2,2,73,2,3,1
532286,6,2,1,5,2,1,35,2,-5,1
532309,6,5,2,7,7,1,59,1,4,-1
532408,6,1,-6,99,2,2,42,2,-6,-1
532439,6,1,-6,99,3,1,70,1,-6,-1
532453,6,1,1,3,3,2,77,1,1,1
532538,6,1,1,99,1,2,64,2,2,1
532620,6,3,1,4,6,2,60,1,1,1
532637,6,1,1,99,2,1,59,2,4,2
532644,6,1,1,4,5,2,73,2,2,2
532668,6,1,1,99,5,1,66,2,3,2
532705,6,1,1,3,3,2,40,2,4,1
532712,6,2,1,99,1,1,40,1,2,1
532842,6,1,1,7,7,1,33,2,2,-1
532873,6,1,-6,3,3,2,52,1,-6,1
532927,6,1,1,2,1,2,19,2,3,1
532941,6,1,1,3,1,2,57,2,1,1
533098,6,1,1,5,3,2,43,1,2,-1
533104,6,1,1,4,2,2,65,1,2,1
533142,6,2,1,3,4,2,30,1,2,1
533159,6,1,1,2,3,2,52,2,2,1
533210,6,1,1,3,2,2,55,1,1,1
533265,6,1,1,4,4,2,25,2,3,1
533272,6,1,1,4,6,1,49,2,2,2
533289,6,3,1,5,2,1,50,2,2,2
533319,6,1,1,2,1,2,70,2,1,1
533371,6,1,1,4,4,2,76,1,1,1
533425,6,1,1,6,7,1,74,1,1,2
533500,6,2,1,99,3,1,37,2,2,1
533517,6,1,-6,3,3,2,71,1,-6,-1
533630,6,6,1,6,7,2,27,2,2,2
533654,6,1,1,5,7,1,55,1,1,2
533722,6,1,1,2,1,2,28,1,2,1
533807,6,1,1,6,7,1,80,2,1,2
533944,6,1,1,1,1,1,31,1,1,1
534008,6,1,1,99,6,1,27,2,4,2
534060,6,1,1,6,7,1,59,1,2,2
534336,6,3,-6,6,2,2,49,2,-6,-1
534367,6,3,1,1,3,2,25,2,2,1
534398,6,2,1,99,3,1,-9,1,2,-1
534404,6,1,1,2,1,2,35,1,1,-1
534428,6,1,1,7,7,1,53,1,2,2
534442,6,2,1,3,2,2,25,2,4,-1
534466,6,1,1,4,4,1,69,1,2,-1
534473,6,1,1,3,1,2,69,2,2,1
534534,6,1,1,2,1,1,49,2,2,1
534589,6,2,1,4,1,1,58,2,2,1
534596,6,1,1,4,3,2,80,2,1,1
534633,6,1,1,3,3,2,23,2,2,1
534640,6,5,1,1,3,2,37,1,1,1
534725,6,-8,2,1,4,2,25,1,4,1
534787,6,4,1,4,2,1,45,1,1,1
534824,6,3,1,4,4,2,30,2,4,-1
534831,6,1,1,3,1,2,80,2,1,1
534886,6,1,1,99,6,1,26,2,3,-1
534961,6,2,2,99,4,1,46,2,3,-1
534992,6,1,1,3,7,1,46,2,2,2
535032,6,1,1,6,7,2,68,2,2,2
535100,6,1,1,99,1,2,67,1,2,1
535216,6,2,2,1,3,2,-9,1,4,2
535230,6,1,-6,5,7,1,50,2,-6,-1
535254,6,1,1,3,3,2,47,1,3,1
535292,6,1,1,6,5,1,65,2,1,2
535308,6,1,1,6,7,1,54,2,3,2
535315,6,1,1,99,7,2,26,2,3,-1
535360,6,1,1,6,6,1,52,2,3,2
535414,6,3,1,4,1,1,45,1,1,1
535421,6,1,1,6,7,1,65,2,1,2
535469,6,4,1,2,1,1,38,2,2,1
